Date,Depth,Set Number
03-05-2025-16-40,6,0


Timestamp,Soil Moisture Value,Soil Moisture (%),Soil Temperature (Â°C)
03-05-2025-16-40,305,91,13.94
03-05-2025-16-40,305,91,13.94
03-05-2025-16-40,303,92,13.94
03-05-2025-16-40,303,92,13.94
03-05-2025-16-40,308,91,13.94
03-05-2025-16-40,308,91,13.94
03-05-2025-16-41,302,92,13.94
03-05-2025-16-41,302,92,13.94
03-05-2025-16-41,304,92,13.94
03-05-2025-16-41,304,92,13.94
03-05-2025-16-41,303,92,13.94
03-05-2025-16-41,303,92,13.94
03-05-2025-16-41,304,92,13.94
03-05-2025-16-41,304,92,13.94
03-05-2025-16-41,303,92,13.94
03-05-2025-16-41,303,92,13.94
03-05-2025-16-41,301,92,13.94
03-05-2025-16-41,301,92,13.94
03-05-2025-16-41,308,91,13.94
03-05-2025-16-41,308,91,13.94
03-05-2025-16-41,302,92,13.94
03-05-2025-16-41,302,92,13.94
03-05-2025-16-41,305,91,13.94
03-05-2025-16-41,305,91,13.94
03-05-2025-16-41,305,91,13.94
03-05-2025-16-41,305,91,13.94
03-05-2025-16-41,304,92,13.94
03-05-2025-16-41,304,92,13.94
03-05-2025-16-41,306,91,13.94
03-05-2025-16-41,306,91,13.94
03-05-2025-16-41,306,91,13.94
03-05-2025-16-41,306,91,13.94
03-05-2025-16-41,307,91,13.94
03-05-2025-16-41,307,91,13.94
03-05-2025-16-41,300,92,13.94
03-05-2025-16-41,300,92,13.94
03-05-2025-16-41,306,91,13.94
03-05-2025-16-41,306,91,13.94
03-05-2025-16-41,302,92,13.94
03-05-2025-16-41,302,92,13.94
03-05-2025-16-41,305,91,13.94
03-05-2025-16-41,305,91,13.94
03-05-2025-16-41,302,92,13.94
03-05-2025-16-41,302,92,13.94
03-05-2025-16-41,303,92,13.94
03-05-2025-16-41,303,92,13.94
03-05-2025-16-41,305,91,13.94
03-05-2025-16-41,305,91,13.94
03-05-2025-16-41,304,92,13.94
03-05-2025-16-41,304,92,13.94
03-05-2025-16-41,304,92,13.94
03-05-2025-16-41,304,92,13.94
03-05-2025-16-41,305,91,13.94
03-05-2025-16-41,305,91,13.94
03-05-2025-16-41,306,91,13.94
03-05-2025-16-41,306,91,13.94
03-05-2025-16-41,300,92,13.94
03-05-2025-16-41,300,92,13.94
03-05-2025-16-41,307,91,13.94
03-05-2025-16-41,307,91,13.94
03-05-2025-16-41,301,92,13.94
03-05-2025-16-41,301,92,13.94
03-05-2025-16-41,306,91,13.94
03-05-2025-16-41,306,91,13.94
03-05-2025-16-41,302,92,13.94
03-05-2025-16-41,302,92,13.94
03-05-2025-16-42,304,92,13.94
03-05-2025-16-42,304,92,13.94
03-05-2025-16-42,304,92,13.94
03-05-2025-16-42,304,92,13.94
03-05-2025-16-42,305,91,13.94
03-05-2025-16-42,305,91,13.94
03-05-2025-16-42,303,92,13.94
03-05-2025-16-42,303,92,13.94
03-05-2025-16-42,303,92,13.88
03-05-2025-16-42,303,92,13.88
03-05-2025-16-42,304,92,13.88
03-05-2025-16-42,304,92,13.88
03-05-2025-16-42,300,92,13.94
03-05-2025-16-42,300,92,13.94
03-05-2025-16-42,306,91,13.94
03-05-2025-16-42,306,91,13.94
03-05-2025-16-42,300,92,13.88
03-05-2025-16-42,300,92,13.88
03-05-2025-16-42,307,91,13.94
03-05-2025-16-42,307,91,13.94
03-05-2025-16-42,303,92,13.88
03-05-2025-16-42,303,92,13.88
03-05-2025-16-42,304,92,13.88
03-05-2025-16-42,304,92,13.88
03-05-2025-16-42,304,92,13.94
03-05-2025-16-42,304,92,13.94
03-05-2025-16-42,303,92,13.94
03-05-2025-16-42,303,92,13.94
03-05-2025-16-42,304,92,13.94
03-05-2025-16-42,304,92,13.94
03-05-2025-16-42,303,92,13.94
03-05-2025-16-42,303,92,13.94
03-05-2025-16-42,303,92,13.94
03-05-2025-16-42,303,92,13.94
03-05-2025-16-42,301,92,13.88
03-05-2025-16-42,301,92,13.88
03-05-2025-16-42,307,91,13.94
03-05-2025-16-42,307,91,13.94
03-05-2025-16-42,302,92,13.88
03-05-2025-16-42,302,92,13.88
03-05-2025-16-42,306,91,13.94
03-05-2025-16-42,306,91,13.94
03-05-2025-16-42,303,92,13.88
03-05-2025-16-42,303,92,13.88
03-05-2025-16-42,303,92,13.94
03-05-2025-16-42,303,92,13.94
03-05-2025-16-42,303,92,13.94
03-05-2025-16-42,299,92,13.88
03-05-2025-16-42,299,92,13.88
03-05-2025-16-42,308,91,13.88
03-05-2025-16-42,308,91,13.88
03-05-2025-16-42,302,92,13.88
03-05-2025-16-42,302,92,13.88
03-05-2025-16-42,305,91,13.88
03-05-2025-16-42,305,91,13.88
03-05-2025-16-42,304,92,13.88
03-05-2025-16-42,304,92,13.88
03-05-2025-16-42,302,92,13.88
03-05-2025-16-42,302,92,13.88
03-05-2025-16-42,307,91,13.88
03-05-2025-16-43,307,91,13.88
03-05-2025-16-43,300,92,13.88
03-05-2025-16-43,300,92,13.88
03-05-2025-16-43,306,91,13.88
03-05-2025-16-43,306,91,13.88
03-05-2025-16-43,302,92,13.88
03-05-2025-16-43,302,92,13.88
03-05-2025-16-43,305,91,13.88
03-05-2025-16-43,305,91,13.88
03-05-2025-16-43,304,92,13.88
03-05-2025-16-43,304,92,13.88
03-05-2025-16-43,305,91,13.88
03-05-2025-16-43,305,91,13.88
03-05-2025-16-43,308,91,13.88
03-05-2025-16-43,308,91,13.88
03-05-2025-16-43,299,92,13.81
03-05-2025-16-43,299,92,13.81
03-05-2025-16-43,305,91,13.88
03-05-2025-16-43,305,91,13.88
03-05-2025-16-43,303,92,13.88
03-05-2025-16-43,303,92,13.88
03-05-2025-16-43,304,92,13.88
03-05-2025-16-43,304,92,13.88
03-05-2025-16-43,304,92,13.88
03-05-2025-16-43,304,92,13.88
03-05-2025-16-43,303,92,13.88
03-05-2025-16-43,303,92,13.88
03-05-2025-16-43,304,92,13.81
03-05-2025-16-43,304,92,13.81
03-05-2025-16-43,300,92,13.88
03-05-2025-16-43,300,92,13.88
03-05-2025-16-43,309,91,13.81
03-05-2025-16-43,309,91,13.81
03-05-2025-16-43,302,92,13.88
03-05-2025-16-43,302,92,13.88
03-05-2025-16-43,307,91,13.88
03-05-2025-16-43,307,91,13.88
03-05-2025-16-43,303,92,13.88
03-05-2025-16-43,303,92,13.88
03-05-2025-16-43,304,92,13.81
03-05-2025-16-43,304,92,13.81
03-05-2025-16-43,303,92,13.88
03-05-2025-16-43,303,92,13.88
03-05-2025-16-43,304,92,13.88
03-05-2025-16-43,304,92,13.88
03-05-2025-16-43,305,91,13.88
03-05-2025-16-43,305,91,13.88
03-05-2025-16-43,302,92,13.88
03-05-2025-16-43,302,92,13.88
03-05-2025-16-43,308,91,13.81
03-05-2025-16-43,308,91,13.81
03-05-2025-16-43,303,92,13.88
03-05-2025-16-43,303,92,13.88
03-05-2025-16-43,305,91,13.81
03-05-2025-16-43,305,91,13.81
03-05-2025-16-43,303,92,13.81
03-05-2025-16-43,303,92,13.81
03-05-2025-16-43,303,92,13.81
03-05-2025-16-43,303,92,13.81
03-05-2025-16-44,304,92,13.88
03-05-2025-16-44,304,92,13.88
03-05-2025-16-44,303,92,13.81
03-05-2025-16-44,303,92,13.81
03-05-2025-16-44,308,91,13.81
03-05-2025-16-44,308,91,13.81
03-05-2025-16-44,300,92,13.88
03-05-2025-16-44,300,92,13.88
03-05-2025-16-44,307,91,13.81
03-05-2025-16-44,307,91,13.81
03-05-2025-16-44,302,92,13.88
03-05-2025-16-44,302,92,13.88
03-05-2025-16-44,304,92,13.81
03-05-2025-16-44,304,92,13.81
03-05-2025-16-44,303,92,13.81
03-05-2025-16-44,303,92,13.81
03-05-2025-16-44,302,92,13.81
03-05-2025-16-44,302,92,13.81
03-05-2025-16-44,304,92,13.81
03-05-2025-16-44,304,92,13.81
03-05-2025-16-44,304,92,13.81
03-05-2025-16-44,304,92,13.81
03-05-2025-16-44,304,92,13.81
03-05-2025-16-44,304,92,13.81
03-05-2025-16-44,300,92,13.81
03-05-2025-16-44,300,92,13.81
03-05-2025-16-44,307,91,13.81
03-05-2025-16-44,307,91,13.81
03-05-2025-16-44,300,92,13.88
03-05-2025-16-44,300,92,13.88
03-05-2025-16-44,305,91,13.81
03-05-2025-16-44,305,91,13.81
03-05-2025-16-44,303,92,13.81
03-05-2025-16-44,303,92,13.81
03-05-2025-16-44,303,92,13.81
03-05-2025-16-44,303,92,13.81
03-05-2025-16-44,303,92,13.81
03-05-2025-16-44,299,92,13.81
03-05-2025-16-44,299,92,13.81
03-05-2025-16-44,306,91,13.81
03-05-2025-16-44,306,91,13.81
03-05-2025-16-44,301,92,13.81
03-05-2025-16-44,301,92,13.81
03-05-2025-16-44,307,91,13.75
03-05-2025-16-44,307,91,13.75
03-05-2025-16-44,301,92,13.81
03-05-2025-16-44,301,92,13.81
03-05-2025-16-44,305,91,13.81
03-05-2025-16-44,305,91,13.81
03-05-2025-16-44,302,92,13.75
03-05-2025-16-44,302,92,13.75
03-05-2025-16-44,304,92,13.75
03-05-2025-16-44,304,92,13.75
03-05-2025-16-44,302,92,13.81
03-05-2025-16-44,302,92,13.81
03-05-2025-16-44,303,92,13.81
03-05-2025-16-44,303,92,13.81
03-05-2025-16-44,304,92,13.75
03-05-2025-16-44,304,92,13.75
03-05-2025-16-44,304,92,13.81
03-05-2025-16-45,304,92,13.81
03-05-2025-16-45,304,92,13.81
03-05-2025-16-45,304,92,13.81
03-05-2025-16-45,305,91,13.75
03-05-2025-16-45,305,91,13.75
03-05-2025-16-45,303,92,13.81
03-05-2025-16-45,303,92,13.81
03-05-2025-16-45,303,92,13.81
03-05-2025-16-45,303,92,13.81
03-05-2025-16-45,303,92,13.75
03-05-2025-16-45,303,92,13.75
03-05-2025-16-45,303,92,13.75
03-05-2025-16-45,303,92,13.75
03-05-2025-16-45,304,92,13.75
03-05-2025-16-45,304,92,13.75
03-05-2025-16-45,305,91,13.81
03-05-2025-16-45,305,91,13.81
03-05-2025-16-45,306,91,13.75
03-05-2025-16-45,306,91,13.75
03-05-2025-16-45,304,92,13.75
03-05-2025-16-45,304,92,13.75
03-05-2025-16-45,306,91,13.75
03-05-2025-16-45,306,91,13.75
03-05-2025-16-45,303,92,13.75
03-05-2025-16-45,303,92,13.75
03-05-2025-16-45,304,92,13.75
03-05-2025-16-45,304,92,13.75
03-05-2025-16-45,303,92,13.75
03-05-2025-16-45,303,92,13.75
03-05-2025-16-45,307,91,13.75
03-05-2025-16-45,307,91,13.75
03-05-2025-16-45,301,92,13.75
03-05-2025-16-45,301,92,13.75
03-05-2025-16-45,307,91,13.75
03-05-2025-16-45,307,91,13.75
03-05-2025-16-45,300,92,13.75
03-05-2025-16-45,300,92,13.75
03-05-2025-16-45,309,91,13.75
03-05-2025-16-45,309,91,13.75
03-05-2025-16-45,303,92,13.81
03-05-2025-16-45,303,92,13.81
03-05-2025-16-45,309,91,13.75
03-05-2025-16-45,309,91,13.75
03-05-2025-16-45,303,92,13.75
03-05-2025-16-45,303,92,13.75
03-05-2025-16-45,308,91,13.75
03-05-2025-16-45,308,91,13.75
03-05-2025-16-45,299,92,13.75
03-05-2025-16-45,299,92,13.75
03-05-2025-16-45,305,91,13.75
03-05-2025-16-45,305,91,13.75
03-05-2025-16-45,301,92,13.75
03-05-2025-16-45,301,92,13.75
03-05-2025-16-45,309,91,13.75
03-05-2025-16-45,309,91,13.75
03-05-2025-16-45,301,92,13.75
03-05-2025-16-45,301,92,13.75
03-05-2025-16-45,307,91,13.75
03-05-2025-16-45,307,91,13.75
03-05-2025-16-45,300,92,13.75
03-05-2025-16-46,300,92,13.75
03-05-2025-16-46,306,91,13.75
03-05-2025-16-46,306,91,13.75
03-05-2025-16-46,301,92,13.75
03-05-2025-16-46,301,92,13.75
03-05-2025-16-46,308,91,13.75
03-05-2025-16-46,308,91,13.75
03-05-2025-16-46,300,92,13.75
03-05-2025-16-46,300,92,13.75
03-05-2025-16-46,306,91,13.75
03-05-2025-16-46,306,91,13.75
03-05-2025-16-46,300,92,13.75
03-05-2025-16-46,300,92,13.75
03-05-2025-16-46,307,91,13.75
03-05-2025-16-46,307,91,13.75
03-05-2025-16-46,301,92,13.75
03-05-2025-16-46,301,92,13.75
03-05-2025-16-46,306,91,13.75
03-05-2025-16-46,306,91,13.75
03-05-2025-16-46,301,92,13.75
03-05-2025-16-46,301,92,13.75
03-05-2025-16-46,307,91,13.75
03-05-2025-16-46,307,91,13.75
03-05-2025-16-46,307,91,13.75
03-05-2025-16-46,304,92,13.69
03-05-2025-16-46,304,92,13.69
03-05-2025-16-46,302,92,13.69
03-05-2025-16-46,302,92,13.69
03-05-2025-16-46,304,92,13.69
03-05-2025-16-46,304,92,13.69
03-05-2025-16-46,303,92,13.69
03-05-2025-16-46,303,92,13.69
03-05-2025-16-46,304,92,13.69
03-05-2025-16-46,304,92,13.69
03-05-2025-16-46,305,91,13.69
03-05-2025-16-46,305,91,13.69
03-05-2025-16-46,305,91,13.69
03-05-2025-16-46,305,91,13.69
03-05-2025-16-46,306,91,13.69
03-05-2025-16-46,306,91,13.69
03-05-2025-16-46,306,91,13.69
03-05-2025-16-46,306,91,13.69
03-05-2025-16-46,304,92,13.69
03-05-2025-16-46,304,92,13.69
03-05-2025-16-46,304,92,13.69
03-05-2025-16-46,304,92,13.69
03-05-2025-16-46,303,92,13.69
03-05-2025-16-46,303,92,13.69
03-05-2025-16-46,305,91,13.69
03-05-2025-16-46,305,91,13.69
03-05-2025-16-46,304,92,13.69
03-05-2025-16-46,304,92,13.69
03-05-2025-16-46,306,91,13.69
03-05-2025-16-46,306,91,13.69
03-05-2025-16-46,305,91,13.69
03-05-2025-16-46,305,91,13.69
03-05-2025-16-46,305,91,13.69
03-05-2025-16-46,305,91,13.69
03-05-2025-16-46,303,92,13.69
03-05-2025-16-47,303,92,13.69
03-05-2025-16-47,304,92,13.69
03-05-2025-16-47,304,92,13.69
03-05-2025-16-47,307,91,13.69
03-05-2025-16-47,307,91,13.69
03-05-2025-16-47,301,92,13.69
03-05-2025-16-47,301,92,13.69
03-05-2025-16-47,307,91,13.69
03-05-2025-16-47,307,91,13.69
03-05-2025-16-47,300,92,13.69
03-05-2025-16-47,300,92,13.69
03-05-2025-16-47,306,91,13.69
03-05-2025-16-47,306,91,13.69
03-05-2025-16-47,302,92,13.69
03-05-2025-16-47,302,92,13.69
03-05-2025-16-47,305,91,13.63
03-05-2025-16-47,305,91,13.63
03-05-2025-16-47,304,92,13.69
03-05-2025-16-47,304,92,13.69
03-05-2025-16-47,305,91,13.69
03-05-2025-16-47,305,91,13.69
03-05-2025-16-47,307,91,13.69
03-05-2025-16-47,307,91,13.69
03-05-2025-16-47,305,91,13.69
03-05-2025-16-47,305,91,13.69
03-05-2025-16-47,304,92,13.63
03-05-2025-16-47,304,92,13.63
03-05-2025-16-47,303,92,13.69
03-05-2025-16-47,303,92,13.69
03-05-2025-16-47,305,91,13.69
03-05-2025-16-47,305,91,13.69
03-05-2025-16-47,303,92,13.69
03-05-2025-16-47,303,92,13.69
03-05-2025-16-47,303,92,13.63
03-05-2025-16-47,303,92,13.63
03-05-2025-16-47,304,92,13.63
03-05-2025-16-47,304,92,13.63
03-05-2025-16-47,308,91,13.69
03-05-2025-16-47,308,91,13.69
03-05-2025-16-47,301,92,13.69
03-05-2025-16-47,301,92,13.69
03-05-2025-16-47,307,91,13.63
03-05-2025-16-47,307,91,13.63
03-05-2025-16-47,300,92,13.69
03-05-2025-16-47,300,92,13.69
03-05-2025-16-47,306,91,13.69
03-05-2025-16-47,306,91,13.69
03-05-2025-16-47,305,91,13.69
03-05-2025-16-47,305,91,13.69
03-05-2025-16-47,305,91,13.69
03-05-2025-16-47,305,91,13.69
03-05-2025-16-47,305,91,13.63
03-05-2025-16-47,305,91,13.63
03-05-2025-16-47,306,91,13.63
03-05-2025-16-47,306,91,13.63
03-05-2025-16-47,305,91,13.63
03-05-2025-16-47,305,91,13.63
03-05-2025-16-47,305,91,13.63
03-05-2025-16-47,305,91,13.63
03-05-2025-16-47,304,92,13.63
03-05-2025-16-48,304,92,13.63
03-05-2025-16-48,301,92,13.63
03-05-2025-16-48,301,92,13.63
03-05-2025-16-48,309,91,13.63
03-05-2025-16-48,309,91,13.63
03-05-2025-16-48,303,92,13.63
03-05-2025-16-48,303,92,13.63
03-05-2025-16-48,306,91,13.63
03-05-2025-16-48,306,91,13.63
03-05-2025-16-48,303,92,13.69
03-05-2025-16-48,303,92,13.69
03-05-2025-16-48,303,92,13.69
03-05-2025-16-48,303,92,13.63
03-05-2025-16-48,303,92,13.63
03-05-2025-16-48,305,91,13.63
03-05-2025-16-48,305,91,13.63
03-05-2025-16-48,305,91,13.63
03-05-2025-16-48,305,91,13.63
03-05-2025-16-48,306,91,13.63
03-05-2025-16-48,306,91,13.63
03-05-2025-16-48,305,91,13.63
03-05-2025-16-48,305,91,13.63
03-05-2025-16-48,303,92,13.63
03-05-2025-16-48,303,92,13.63
03-05-2025-16-48,304,92,13.63
03-05-2025-16-48,304,92,13.63
03-05-2025-16-48,306,91,13.63
03-05-2025-16-48,306,91,13.63
03-05-2025-16-48,300,92,13.63
03-05-2025-16-48,300,92,13.63
03-05-2025-16-48,305,91,13.56
03-05-2025-16-48,305,91,13.56
03-05-2025-16-48,302,92,13.56
03-05-2025-16-48,302,92,13.56
03-05-2025-16-48,303,92,13.63
03-05-2025-16-48,303,92,13.63
03-05-2025-16-48,303,92,13.63
03-05-2025-16-48,303,92,13.63
03-05-2025-16-48,305,91,13.63
03-05-2025-16-48,305,91,13.63
03-05-2025-16-48,304,92,13.56
03-05-2025-16-48,304,92,13.56
03-05-2025-16-48,301,92,13.56
03-05-2025-16-48,301,92,13.56
03-05-2025-16-48,306,91,13.63
03-05-2025-16-48,306,91,13.63
03-05-2025-16-48,302,92,13.63
03-05-2025-16-48,302,92,13.63
03-05-2025-16-48,306,91,13.63
03-05-2025-16-48,306,91,13.63
03-05-2025-16-48,303,92,13.56
03-05-2025-16-48,303,92,13.56
03-05-2025-16-48,304,92,13.56
03-05-2025-16-48,304,92,13.56
03-05-2025-16-48,304,92,13.56
03-05-2025-16-48,304,92,13.56
03-05-2025-16-48,307,91,13.56
03-05-2025-16-48,307,91,13.56
03-05-2025-16-48,307,91,13.63
03-05-2025-16-48,307,91,13.63
03-05-2025-16-49,300,92,13.56
03-05-2025-16-49,300,92,13.56
03-05-2025-16-49,307,91,13.56
03-05-2025-16-49,307,91,13.56
03-05-2025-16-49,302,92,13.56
03-05-2025-16-49,302,92,13.56
03-05-2025-16-49,305,91,13.56
03-05-2025-16-49,305,91,13.56
03-05-2025-16-49,307,91,13.56
03-05-2025-16-49,307,91,13.56
03-05-2025-16-49,304,92,13.56
03-05-2025-16-49,304,92,13.56
03-05-2025-16-49,304,92,13.56
03-05-2025-16-49,304,92,13.56
03-05-2025-16-49,303,92,13.56
03-05-2025-16-49,303,92,13.56
03-05-2025-16-49,306,91,13.56
03-05-2025-16-49,306,91,13.56
03-05-2025-16-49,302,92,13.56
03-05-2025-16-49,302,92,13.56
03-05-2025-16-49,307,91,13.56
03-05-2025-16-49,307,91,13.56
03-05-2025-16-49,305,91,13.56
03-05-2025-16-49,305,91,13.56
03-05-2025-16-49,306,91,13.56
03-05-2025-16-49,306,91,13.56
03-05-2025-16-49,305,91,13.56
03-05-2025-16-49,305,91,13.56
03-05-2025-16-49,304,92,13.56
03-05-2025-16-49,304,92,13.56
03-05-2025-16-49,308,91,13.56
03-05-2025-16-49,308,91,13.56
03-05-2025-16-49,302,92,13.56
03-05-2025-16-49,302,92,13.56
03-05-2025-16-49,308,91,13.56
03-05-2025-16-49,308,91,13.56
03-05-2025-16-49,306,91,13.56
03-05-2025-16-49,306,91,13.56
03-05-2025-16-49,305,91,13.56
03-05-2025-16-49,305,91,13.56
03-05-2025-16-49,304,92,13.56
03-05-2025-16-49,304,92,13.56
03-05-2025-16-49,304,92,13.56
03-05-2025-16-49,304,92,13.56
03-05-2025-16-49,307,91,13.56
03-05-2025-16-49,307,91,13.56
03-05-2025-16-49,300,92,13.56
03-05-2025-16-49,300,92,13.56
03-05-2025-16-49,304,92,13.56
03-05-2025-16-49,304,92,13.56
03-05-2025-16-49,304,92,13.56
03-05-2025-16-49,304,92,13.56
03-05-2025-16-49,304,92,13.56
03-05-2025-16-49,304,92,13.56
03-05-2025-16-49,303,92,13.56
03-05-2025-16-49,303,92,13.56
03-05-2025-16-49,304,92,13.56
03-05-2025-16-49,304,92,13.56
03-05-2025-16-49,304,92,13.56
03-05-2025-16-49,304,92,13.56
03-05-2025-16-50,304,92,13.56
03-05-2025-16-50,304,92,13.56
03-05-2025-16-50,304,92,13.56
03-05-2025-16-50,304,92,13.56
03-05-2025-16-50,300,92,13.56
03-05-2025-16-50,300,92,13.56
03-05-2025-16-50,307,91,13.56
03-05-2025-16-50,307,91,13.56
03-05-2025-16-50,304,92,13.5
03-05-2025-16-50,304,92,13.5
03-05-2025-16-50,304,92,13.5
03-05-2025-16-50,304,92,13.5
03-05-2025-16-50,303,92,13.5
03-05-2025-16-50,303,92,13.5
03-05-2025-16-50,303,92,13.5
03-05-2025-16-50,303,92,13.5
03-05-2025-16-50,304,92,13.5
03-05-2025-16-50,304,92,13.5
03-05-2025-16-50,301,92,13.5
03-05-2025-16-50,301,92,13.5
03-05-2025-16-50,306,91,13.5
03-05-2025-16-50,306,91,13.5
03-05-2025-16-50,302,92,13.5
03-05-2025-16-50,302,92,13.5
03-05-2025-16-50,304,92,13.5
03-05-2025-16-50,304,92,13.5
03-05-2025-16-50,304,92,13.5
03-05-2025-16-50,304,92,13.5
03-05-2025-16-50,304,92,13.5
03-05-2025-16-50,304,92,13.5
03-05-2025-16-50,305,91,13.5
03-05-2025-16-50,305,91,13.5
03-05-2025-16-50,301,92,13.5
03-05-2025-16-50,301,92,13.5
03-05-2025-16-50,305,91,13.5
03-05-2025-16-50,305,91,13.5
03-05-2025-16-50,304,92,13.5
03-05-2025-16-50,304,92,13.5
03-05-2025-16-50,305,91,13.5
03-05-2025-16-50,305,91,13.5
03-05-2025-16-50,304,92,13.5
03-05-2025-16-50,304,92,13.5
03-05-2025-16-50,304,92,13.5
03-05-2025-16-50,304,92,13.5
03-05-2025-16-50,306,91,13.5
03-05-2025-16-50,306,91,13.5
03-05-2025-16-50,300,92,13.5
03-05-2025-16-50,300,92,13.5
03-05-2025-16-50,305,91,13.5
03-05-2025-16-50,305,91,13.5
03-05-2025-16-50,304,92,13.5
03-05-2025-16-50,304,92,13.5
03-05-2025-16-50,305,91,13.5
03-05-2025-16-50,305,91,13.5
03-05-2025-16-50,305,91,13.5
03-05-2025-16-50,305,91,13.5
03-05-2025-16-50,302,92,13.5
03-05-2025-16-50,302,92,13.5
03-05-2025-16-50,307,91,13.5
03-05-2025-16-51,307,91,13.5
03-05-2025-16-51,302,92,13.5
03-05-2025-16-51,302,92,13.5
03-05-2025-16-51,306,91,13.5
03-05-2025-16-51,306,91,13.5
03-05-2025-16-51,305,91,13.44
03-05-2025-16-51,305,91,13.44
03-05-2025-16-51,305,91,13.5
03-05-2025-16-51,305,91,13.5
03-05-2025-16-51,304,92,13.5
03-05-2025-16-51,304,92,13.5
03-05-2025-16-51,301,92,13.5
03-05-2025-16-51,301,92,13.5
03-05-2025-16-51,308,91,13.44
03-05-2025-16-51,308,91,13.44
03-05-2025-16-51,302,92,13.5
03-05-2025-16-51,302,92,13.5
03-05-2025-16-51,305,91,13.5
03-05-2025-16-51,305,91,13.5
03-05-2025-16-51,306,91,13.5
03-05-2025-16-51,306,91,13.5
03-05-2025-16-51,304,92,13.5
03-05-2025-16-51,304,92,13.5
03-05-2025-16-51,304,92,13.5
03-05-2025-16-51,304,92,13.5
03-05-2025-16-51,302,92,13.5
03-05-2025-16-51,302,92,13.5
03-05-2025-16-51,307,91,13.5
03-05-2025-16-51,307,91,13.5
03-05-2025-16-51,303,92,13.5
03-05-2025-16-51,303,92,13.5
03-05-2025-16-51,304,92,13.44
03-05-2025-16-51,304,92,13.44
03-05-2025-16-51,304,92,13.44
03-05-2025-16-51,304,92,13.44
03-05-2025-16-51,305,91,13.5
03-05-2025-16-51,305,91,13.5
03-05-2025-16-51,307,91,13.5
03-05-2025-16-51,307,91,13.5
03-05-2025-16-51,301,92,13.44
03-05-2025-16-51,301,92,13.44
03-05-2025-16-51,306,91,13.44
03-05-2025-16-51,306,91,13.44
03-05-2025-16-51,306,91,13.44
03-05-2025-16-51,299,92,13.44
03-05-2025-16-51,299,92,13.44
03-05-2025-16-51,306,91,13.44
03-05-2025-16-51,306,91,13.44
03-05-2025-16-51,305,91,13.44
03-05-2025-16-51,305,91,13.44
03-05-2025-16-51,304,92,13.44
03-05-2025-16-51,304,92,13.44
03-05-2025-16-51,305,91,13.44
03-05-2025-16-51,305,91,13.44
03-05-2025-16-51,303,92,13.44
03-05-2025-16-51,303,92,13.44
03-05-2025-16-51,306,91,13.44
03-05-2025-16-51,306,91,13.44
03-05-2025-16-51,301,92,13.44
03-05-2025-16-51,301,92,13.44
03-05-2025-16-52,306,91,13.44
03-05-2025-16-52,306,91,13.44
03-05-2025-16-52,304,92,13.44
03-05-2025-16-52,304,92,13.44
03-05-2025-16-52,304,92,13.44
03-05-2025-16-52,304,92,13.44
03-05-2025-16-52,304,92,13.44
03-05-2025-16-52,304,92,13.44
03-05-2025-16-52,303,92,13.44
03-05-2025-16-52,303,92,13.44
03-05-2025-16-52,307,91,13.44
03-05-2025-16-52,307,91,13.44
03-05-2025-16-52,300,92,13.44
03-05-2025-16-52,300,92,13.44
03-05-2025-16-52,305,91,13.38
03-05-2025-16-52,305,91,13.38
03-05-2025-16-52,304,92,13.44
03-05-2025-16-52,304,92,13.44
03-05-2025-16-52,305,91,13.44
03-05-2025-16-52,305,91,13.44
03-05-2025-16-52,305,91,13.44
03-05-2025-16-52,305,91,13.44
03-05-2025-16-52,304,92,13.44
03-05-2025-16-52,304,92,13.44
03-05-2025-16-52,308,91,13.44
03-05-2025-16-52,308,91,13.44
03-05-2025-16-52,302,92,13.44
03-05-2025-16-52,302,92,13.44
03-05-2025-16-52,304,92,13.44
03-05-2025-16-52,304,92,13.44
03-05-2025-16-52,304,92,13.44
03-05-2025-16-52,304,92,13.44
03-05-2025-16-52,304,92,13.44
03-05-2025-16-52,304,92,13.44
03-05-2025-16-52,304,92,13.44
03-05-2025-16-52,304,92,13.44
03-05-2025-16-52,299,92,13.44
03-05-2025-16-52,299,92,13.44
03-05-2025-16-52,307,91,13.44
03-05-2025-16-52,307,91,13.44
03-05-2025-16-52,302,92,13.44
03-05-2025-16-52,302,92,13.44
03-05-2025-16-52,305,91,13.44
03-05-2025-16-52,305,91,13.44
03-05-2025-16-52,304,92,13.44
03-05-2025-16-52,304,92,13.44
03-05-2025-16-52,305,91,13.38
03-05-2025-16-52,305,91,13.38
03-05-2025-16-52,307,91,13.38
03-05-2025-16-52,307,91,13.38
03-05-2025-16-52,301,92,13.38
03-05-2025-16-52,301,92,13.38
03-05-2025-16-52,305,91,13.38
03-05-2025-16-52,305,91,13.38
03-05-2025-16-52,304,92,13.38
03-05-2025-16-52,304,92,13.38
03-05-2025-16-52,303,92,13.38
03-05-2025-16-52,303,92,13.38
03-05-2025-16-52,303,92,13.38
03-05-2025-16-52,303,92,13.38
03-05-2025-16-53,305,91,13.38
03-05-2025-16-53,305,91,13.38
03-05-2025-16-53,308,91,13.38
03-05-2025-16-53,308,91,13.38
03-05-2025-16-53,303,92,13.38
03-05-2025-16-53,303,92,13.38
03-05-2025-16-53,305,91,13.38
03-05-2025-16-53,305,91,13.38
03-05-2025-16-53,304,92,13.38
03-05-2025-16-53,304,92,13.38
03-05-2025-16-53,304,92,13.38
03-05-2025-16-53,304,92,13.38
03-05-2025-16-53,305,91,13.38
03-05-2025-16-53,305,91,13.38
03-05-2025-16-53,301,92,13.44
03-05-2025-16-53,301,92,13.44
03-05-2025-16-53,308,91,13.38
03-05-2025-16-53,308,91,13.38
03-05-2025-16-53,303,92,13.38
03-05-2025-16-53,303,92,13.38
03-05-2025-16-53,306,91,13.38
03-05-2025-16-53,306,91,13.38
03-05-2025-16-53,304,92,13.38
03-05-2025-16-53,304,92,13.38
03-05-2025-16-53,304,92,13.38
03-05-2025-16-53,304,92,13.38
03-05-2025-16-53,304,92,13.38
03-05-2025-16-53,304,92,13.38
03-05-2025-16-53,301,92,13.38
03-05-2025-16-53,301,92,13.38
03-05-2025-16-53,308,91,13.38
03-05-2025-16-53,308,91,13.38
03-05-2025-16-53,308,91,13.38
03-05-2025-16-53,302,92,13.38
03-05-2025-16-53,302,92,13.38
03-05-2025-16-53,305,91,13.38
03-05-2025-16-53,305,91,13.38
03-05-2025-16-53,304,92,13.38
03-05-2025-16-53,304,92,13.38
03-05-2025-16-53,304,92,13.38
03-05-2025-16-53,304,92,13.38
03-05-2025-16-53,307,91,13.38
03-05-2025-16-53,307,91,13.38
03-05-2025-16-53,303,92,13.38
03-05-2025-16-53,303,92,13.38
03-05-2025-16-53,304,92,13.38
03-05-2025-16-53,304,92,13.38
03-05-2025-16-53,306,91,13.38
03-05-2025-16-53,306,91,13.38
03-05-2025-16-53,306,91,13.38
03-05-2025-16-53,306,91,13.38
03-05-2025-16-53,305,91,13.38
03-05-2025-16-53,305,91,13.38
03-05-2025-16-53,306,91,13.38
03-05-2025-16-53,306,91,13.38
03-05-2025-16-53,307,91,13.38
03-05-2025-16-53,307,91,13.38
03-05-2025-16-53,302,92,13.38
03-05-2025-16-53,302,92,13.38
03-05-2025-16-53,306,91,13.31
03-05-2025-16-54,306,91,13.31
03-05-2025-16-54,305,91,13.38
03-05-2025-16-54,305,91,13.38
03-05-2025-16-54,305,91,13.38
03-05-2025-16-54,305,91,13.38
03-05-2025-16-54,305,91,13.38
03-05-2025-16-54,305,91,13.38
03-05-2025-16-54,304,92,13.38
03-05-2025-16-54,304,92,13.38
03-05-2025-16-54,307,91,13.38
03-05-2025-16-54,307,91,13.38
03-05-2025-16-54,299,92,13.38
03-05-2025-16-54,299,92,13.38
03-05-2025-16-54,306,91,13.38
03-05-2025-16-54,306,91,13.38
03-05-2025-16-54,304,92,13.38
03-05-2025-16-54,304,92,13.38
03-05-2025-16-54,305,91,13.31
03-05-2025-16-54,305,91,13.31
03-05-2025-16-54,304,92,13.31
03-05-2025-16-54,304,92,13.31
03-05-2025-16-54,304,92,13.38
03-05-2025-16-54,304,92,13.38
03-05-2025-16-54,303,92,13.38
03-05-2025-16-54,303,92,13.38
03-05-2025-16-54,302,92,13.38
03-05-2025-16-54,302,92,13.38
03-05-2025-16-54,307,91,13.38
03-05-2025-16-54,307,91,13.38
03-05-2025-16-54,302,92,13.38
03-05-2025-16-54,302,92,13.38
03-05-2025-16-54,304,92,13.38
03-05-2025-16-54,304,92,13.38
03-05-2025-16-54,303,92,13.38
03-05-2025-16-54,303,92,13.38
03-05-2025-16-54,304,92,13.31
03-05-2025-16-54,304,92,13.31
03-05-2025-16-54,303,92,13.38
03-05-2025-16-54,303,92,13.38
03-05-2025-16-54,299,92,13.31
03-05-2025-16-54,299,92,13.31
03-05-2025-16-54,307,91,13.31
03-05-2025-16-54,307,91,13.31
03-05-2025-16-54,301,92,13.38
03-05-2025-16-54,301,92,13.38
03-05-2025-16-54,304,92,13.38
03-05-2025-16-54,304,92,13.38
03-05-2025-16-54,304,92,13.38
03-05-2025-16-54,304,92,13.38
03-05-2025-16-54,304,92,13.38
03-05-2025-16-54,304,92,13.38
03-05-2025-16-54,304,92,13.31
03-05-2025-16-54,304,92,13.31
03-05-2025-16-54,304,92,13.38
03-05-2025-16-54,304,92,13.38
03-05-2025-16-54,307,91,13.31
03-05-2025-16-54,307,91,13.31
03-05-2025-16-54,301,92,13.38
03-05-2025-16-54,301,92,13.38
03-05-2025-16-55,305,91,13.38
03-05-2025-16-55,305,91,13.38
03-05-2025-16-55,303,92,13.38
03-05-2025-16-55,303,92,13.38
03-05-2025-16-55,303,92,13.38
03-05-2025-16-55,303,92,13.38
03-05-2025-16-55,305,91,13.38
03-05-2025-16-55,305,91,13.38
03-05-2025-16-55,306,91,13.38
03-05-2025-16-55,306,91,13.38
03-05-2025-16-55,309,91,13.38
03-05-2025-16-55,309,91,13.38
03-05-2025-16-55,301,92,13.38
03-05-2025-16-55,301,92,13.38
03-05-2025-16-55,306,91,13.38
03-05-2025-16-55,306,91,13.38
03-05-2025-16-55,304,92,13.38
03-05-2025-16-55,304,92,13.38
03-05-2025-16-55,304,92,13.38
03-05-2025-16-55,304,92,13.38
03-05-2025-16-55,304,92,13.38
03-05-2025-16-55,308,91,13.31
03-05-2025-16-55,308,91,13.31
03-05-2025-16-55,302,92,13.31
03-05-2025-16-55,302,92,13.31
03-05-2025-16-55,307,91,13.38
03-05-2025-16-55,307,91,13.38
03-05-2025-16-55,303,92,13.31
03-05-2025-16-55,303,92,13.31
03-05-2025-16-55,306,91,13.31
03-05-2025-16-55,306,91,13.31
03-05-2025-16-55,303,92,13.31
03-05-2025-16-55,303,92,13.31
03-05-2025-16-55,304,92,13.31
03-05-2025-16-55,304,92,13.31
03-05-2025-16-55,304,92,13.31
03-05-2025-16-55,304,92,13.31
03-05-2025-16-55,305,91,13.31
03-05-2025-16-55,305,91,13.31
03-05-2025-16-55,304,92,13.31
03-05-2025-16-55,304,92,13.31
03-05-2025-16-55,302,92,13.31
03-05-2025-16-55,302,92,13.31
03-05-2025-16-55,307,91,13.38
03-05-2025-16-55,307,91,13.38
03-05-2025-16-55,301,92,13.31
03-05-2025-16-55,301,92,13.31
03-05-2025-16-55,305,91,13.31
03-05-2025-16-55,305,91,13.31
03-05-2025-16-55,304,92,13.31
03-05-2025-16-55,304,92,13.31
03-05-2025-16-55,305,91,13.31
03-05-2025-16-55,305,91,13.31
03-05-2025-16-55,305,91,13.31
03-05-2025-16-55,305,91,13.31
03-05-2025-16-55,304,92,13.31
03-05-2025-16-55,304,92,13.31
03-05-2025-16-55,309,91,13.38
03-05-2025-16-55,309,91,13.38
03-05-2025-16-55,301,92,13.31
03-05-2025-16-56,301,92,13.31
03-05-2025-16-56,306,91,13.31
03-05-2025-16-56,306,91,13.31
03-05-2025-16-56,302,92,13.31
03-05-2025-16-56,302,92,13.31
03-05-2025-16-56,305,91,13.31
03-05-2025-16-56,305,91,13.31
03-05-2025-16-56,304,92,13.31
03-05-2025-16-56,304,92,13.31
03-05-2025-16-56,305,91,13.31
03-05-2025-16-56,305,91,13.31
03-05-2025-16-56,307,91,13.31
03-05-2025-16-56,307,91,13.31
03-05-2025-16-56,301,92,13.31
03-05-2025-16-56,301,92,13.31
03-05-2025-16-56,306,91,13.31
03-05-2025-16-56,306,91,13.31
03-05-2025-16-56,305,91,13.31
03-05-2025-16-56,305,91,13.31
03-05-2025-16-56,304,92,13.31
03-05-2025-16-56,304,92,13.31
03-05-2025-16-56,305,91,13.31
03-05-2025-16-56,305,91,13.31
03-05-2025-16-56,304,92,13.31
03-05-2025-16-56,304,92,13.31
03-05-2025-16-56,307,91,13.31
03-05-2025-16-56,307,91,13.31
03-05-2025-16-56,301,92,13.31
03-05-2025-16-56,301,92,13.31
03-05-2025-16-56,304,92,13.31
03-05-2025-16-56,304,92,13.31
03-05-2025-16-56,305,91,13.31
03-05-2025-16-56,305,91,13.31
03-05-2025-16-56,306,91,13.31
03-05-2025-16-56,306,91,13.31
03-05-2025-16-56,306,91,13.31
03-05-2025-16-56,306,91,13.31
03-05-2025-16-56,306,91,13.31
03-05-2025-16-56,306,91,13.31
03-05-2025-16-56,308,91,13.31
03-05-2025-16-56,308,91,13.31
03-05-2025-16-56,300,92,13.31
03-05-2025-16-56,300,92,13.31
03-05-2025-16-56,306,91,13.31
03-05-2025-16-56,306,91,13.31
03-05-2025-16-56,302,92,13.31
03-05-2025-16-56,302,92,13.31
03-05-2025-16-56,303,92,13.38
03-05-2025-16-56,303,92,13.38
03-05-2025-16-56,302,92,13.31
03-05-2025-16-56,302,92,13.31
03-05-2025-16-56,304,92,13.31
03-05-2025-16-56,304,92,13.31
03-05-2025-16-56,304,92,13.31
03-05-2025-16-56,304,92,13.31
03-05-2025-16-56,306,91,13.31
03-05-2025-16-56,306,91,13.31
03-05-2025-16-56,308,91,13.31
03-05-2025-16-56,308,91,13.31
03-05-2025-16-56,300,92,13.31
03-05-2025-16-57,300,92,13.31
03-05-2025-16-57,305,91,13.31
03-05-2025-16-57,305,91,13.31
03-05-2025-16-57,301,92,13.31
03-05-2025-16-57,301,92,13.31
03-05-2025-16-57,304,92,13.31
03-05-2025-16-57,304,92,13.31
03-05-2025-16-57,304,92,13.31
03-05-2025-16-57,301,92,13.31
03-05-2025-16-57,301,92,13.31
03-05-2025-16-57,299,92,13.31
03-05-2025-16-57,299,92,13.31
03-05-2025-16-57,309,91,13.31
03-05-2025-16-57,309,91,13.31
03-05-2025-16-57,303,92,13.31
03-05-2025-16-57,303,92,13.31
03-05-2025-16-57,305,91,13.31
03-05-2025-16-57,305,91,13.31
03-05-2025-16-57,304,92,13.31
03-05-2025-16-57,304,92,13.31
03-05-2025-16-57,304,92,13.31
03-05-2025-16-57,304,92,13.31
03-05-2025-16-57,304,92,13.31
03-05-2025-16-57,304,92,13.31
03-05-2025-16-57,306,91,13.31
03-05-2025-16-57,306,91,13.31
03-05-2025-16-57,308,91,13.31
03-05-2025-16-57,308,91,13.31
03-05-2025-16-57,301,92,13.31
03-05-2025-16-57,301,92,13.31
03-05-2025-16-57,305,91,13.31
03-05-2025-16-57,305,91,13.31
03-05-2025-16-57,305,91,13.31
03-05-2025-16-57,305,91,13.31
03-05-2025-16-57,305,91,13.31
03-05-2025-16-57,305,91,13.31
03-05-2025-16-57,305,91,13.31
03-05-2025-16-57,305,91,13.31
03-05-2025-16-57,305,91,13.31
03-05-2025-16-57,305,91,13.31
03-05-2025-16-57,308,91,13.31
03-05-2025-16-57,308,91,13.31
03-05-2025-16-57,302,92,13.31
03-05-2025-16-57,302,92,13.31
03-05-2025-16-57,305,91,13.31
03-05-2025-16-57,305,91,13.31
03-05-2025-16-57,304,92,13.31
03-05-2025-16-57,304,92,13.31
03-05-2025-16-57,304,92,13.31
03-05-2025-16-57,304,92,13.31
03-05-2025-16-57,304,92,13.31
03-05-2025-16-57,304,92,13.31
03-05-2025-16-57,303,92,13.31
03-05-2025-16-57,303,92,13.31
03-05-2025-16-57,307,91,13.31
03-05-2025-16-57,307,91,13.31
03-05-2025-16-57,302,92,13.31
03-05-2025-16-57,302,92,13.31
03-05-2025-16-57,304,92,13.31
03-05-2025-16-57,304,92,13.31
03-05-2025-16-58,305,91,13.31
03-05-2025-16-58,305,91,13.31
03-05-2025-16-58,306,91,13.31
03-05-2025-16-58,306,91,13.31
03-05-2025-16-58,306,91,13.31
03-05-2025-16-58,306,91,13.31
03-05-2025-16-58,302,92,13.31
03-05-2025-16-58,302,92,13.31
03-05-2025-16-58,308,91,13.31
03-05-2025-16-58,308,91,13.31
03-05-2025-16-58,302,92,13.31
03-05-2025-16-58,302,92,13.31
03-05-2025-16-58,304,92,13.31
03-05-2025-16-58,304,92,13.31
03-05-2025-16-58,305,91,13.31
03-05-2025-16-58,305,91,13.31
03-05-2025-16-58,305,91,13.31
03-05-2025-16-58,305,91,13.31
03-05-2025-16-58,306,91,13.31
03-05-2025-16-58,306,91,13.31
03-05-2025-16-58,302,92,13.31
03-05-2025-16-58,302,92,13.31
03-05-2025-16-58,307,91,13.31
03-05-2025-16-58,307,91,13.31
03-05-2025-16-58,303,92,13.31
03-05-2025-16-58,303,92,13.31
03-05-2025-16-58,304,92,13.31
03-05-2025-16-58,304,92,13.31
03-05-2025-16-58,303,92,13.31
03-05-2025-16-58,303,92,13.31
03-05-2025-16-58,304,92,13.31
03-05-2025-16-58,304,92,13.31
03-05-2025-16-58,308,91,13.31
03-05-2025-16-58,308,91,13.31
03-05-2025-16-58,301,92,13.31
03-05-2025-16-58,301,92,13.31
03-05-2025-16-58,307,91,13.31
03-05-2025-16-58,307,91,13.31
03-05-2025-16-58,304,92,13.25
03-05-2025-16-58,304,92,13.25
03-05-2025-16-58,304,92,13.31
03-05-2025-16-58,304,92,13.31
03-05-2025-16-58,304,92,13.25
03-05-2025-16-58,304,92,13.25
03-05-2025-16-58,302,92,13.31
03-05-2025-16-58,302,92,13.31
03-05-2025-16-58,308,91,13.31
03-05-2025-16-58,308,91,13.31
03-05-2025-16-58,303,92,13.31
03-05-2025-16-58,303,92,13.31
03-05-2025-16-58,305,91,13.31
03-05-2025-16-58,305,91,13.31
03-05-2025-16-58,305,91,13.31
03-05-2025-16-58,302,92,13.25
03-05-2025-16-58,302,92,13.25
03-05-2025-16-58,302,92,13.25
03-05-2025-16-58,302,92,13.25
03-05-2025-16-58,301,92,13.25
03-05-2025-16-58,301,92,13.25
03-05-2025-16-59,308,91,13.25
03-05-2025-16-59,308,91,13.25
03-05-2025-16-59,303,92,13.25
03-05-2025-16-59,303,92,13.25
03-05-2025-16-59,310,91,13.25
03-05-2025-16-59,310,91,13.25
03-05-2025-16-59,305,91,13.25
03-05-2025-16-59,305,91,13.25
03-05-2025-16-59,304,92,13.31
03-05-2025-16-59,304,92,13.31
03-05-2025-16-59,304,92,13.25
03-05-2025-16-59,304,92,13.25
03-05-2025-16-59,302,92,13.25
03-05-2025-16-59,302,92,13.25
03-05-2025-16-59,308,91,13.25
03-05-2025-16-59,308,91,13.25
03-05-2025-16-59,304,92,13.25
03-05-2025-16-59,304,92,13.25
03-05-2025-16-59,305,91,13.25
03-05-2025-16-59,305,91,13.25
03-05-2025-16-59,304,92,13.25
03-05-2025-16-59,304,92,13.25
03-05-2025-16-59,305,91,13.25
03-05-2025-16-59,305,91,13.25
03-05-2025-16-59,304,92,13.25
03-05-2025-16-59,304,92,13.25
03-05-2025-16-59,301,92,13.25
03-05-2025-16-59,301,92,13.25
03-05-2025-16-59,308,91,13.25
03-05-2025-16-59,308,91,13.25
03-05-2025-16-59,303,92,13.25
03-05-2025-16-59,303,92,13.25
03-05-2025-16-59,304,92,13.25
03-05-2025-16-59,304,92,13.25
03-05-2025-16-59,304,92,13.25
03-05-2025-16-59,304,92,13.25
03-05-2025-16-59,305,91,13.25
03-05-2025-16-59,305,91,13.25
03-05-2025-16-59,307,91,13.25
03-05-2025-16-59,307,91,13.25
03-05-2025-16-59,305,91,13.25
03-05-2025-16-59,305,91,13.25
03-05-2025-16-59,308,91,13.25
03-05-2025-16-59,308,91,13.25
03-05-2025-16-59,306,91,13.25
03-05-2025-16-59,306,91,13.25
03-05-2025-16-59,305,91,13.25
03-05-2025-16-59,305,91,13.25
03-05-2025-16-59,304,92,13.25
03-05-2025-16-59,304,92,13.25
03-05-2025-16-59,304,92,13.25
03-05-2025-16-59,304,92,13.25
03-05-2025-16-59,307,91,13.25
03-05-2025-16-59,307,91,13.25
03-05-2025-16-59,301,92,13.25
03-05-2025-16-59,301,92,13.25
03-05-2025-16-59,304,92,13.25
03-05-2025-16-59,304,92,13.25
03-05-2025-16-59,305,91,13.25
03-05-2025-16-59,305,91,13.25
03-05-2025-17-00,303,92,13.25
03-05-2025-17-00,303,92,13.25
03-05-2025-17-00,306,91,13.25
03-05-2025-17-00,306,91,13.25
03-05-2025-17-00,300,92,13.25
03-05-2025-17-00,300,92,13.25
03-05-2025-17-00,306,91,13.25
03-05-2025-17-00,306,91,13.25
03-05-2025-17-00,304,92,13.25
03-05-2025-17-00,304,92,13.25
03-05-2025-17-00,305,91,13.25
03-05-2025-17-00,305,91,13.25
03-05-2025-17-00,304,92,13.25
03-05-2025-17-00,304,92,13.25
03-05-2025-17-00,302,92,13.25
03-05-2025-17-00,302,92,13.25
03-05-2025-17-00,308,91,13.25
03-05-2025-17-00,308,91,13.25
03-05-2025-17-00,303,92,13.25
03-05-2025-17-00,303,92,13.25
03-05-2025-17-00,306,91,13.25
03-05-2025-17-00,306,91,13.25
03-05-2025-17-00,305,91,13.25
03-05-2025-17-00,305,91,13.25
03-05-2025-17-00,305,91,13.25
03-05-2025-17-00,305,91,13.25
03-05-2025-17-00,304,92,13.25
03-05-2025-17-00,304,92,13.25
03-05-2025-17-00,301,92,13.25
03-05-2025-17-00,301,92,13.25
03-05-2025-17-00,306,91,13.25
03-05-2025-17-00,306,91,13.25
03-05-2025-17-00,304,92,13.25
03-05-2025-17-00,304,92,13.25
03-05-2025-17-00,304,92,13.25
03-05-2025-17-00,304,92,13.25
03-05-2025-17-00,303,92,13.19
03-05-2025-17-00,303,92,13.19
03-05-2025-17-00,303,92,13.19
03-05-2025-17-00,305,91,13.19
03-05-2025-17-00,305,91,13.19
03-05-2025-17-00,301,92,13.19
03-05-2025-17-00,301,92,13.19
03-05-2025-17-00,306,91,13.19
03-05-2025-17-00,306,91,13.19
03-05-2025-17-00,304,92,13.19
03-05-2025-17-00,304,92,13.19
03-05-2025-17-00,304,92,13.19
03-05-2025-17-00,304,92,13.19
03-05-2025-17-00,306,91,13.19
03-05-2025-17-00,306,91,13.19
03-05-2025-17-00,301,92,13.19
03-05-2025-17-00,301,92,13.19
03-05-2025-17-00,306,91,13.19
03-05-2025-17-00,306,91,13.19
03-05-2025-17-00,303,92,13.19
03-05-2025-17-00,303,92,13.19
03-05-2025-17-00,304,92,13.19
03-05-2025-17-00,304,92,13.19
03-05-2025-17-00,305,91,13.19
03-05-2025-17-01,305,91,13.19
03-05-2025-17-01,305,91,13.19
03-05-2025-17-01,305,91,13.19
03-05-2025-17-01,308,91,13.19
03-05-2025-17-01,308,91,13.19
03-05-2025-17-01,302,92,13.19
03-05-2025-17-01,302,92,13.19
03-05-2025-17-01,308,91,13.19
03-05-2025-17-01,308,91,13.19
03-05-2025-17-01,305,91,13.13
03-05-2025-17-01,305,91,13.13
03-05-2025-17-01,305,91,13.19
03-05-2025-17-01,305,91,13.19
03-05-2025-17-01,306,91,13.19
03-05-2025-17-01,306,91,13.19
03-05-2025-17-01,304,92,13.19
03-05-2025-17-01,304,92,13.19
03-05-2025-17-01,308,91,13.19
03-05-2025-17-01,308,91,13.19
03-05-2025-17-01,303,92,13.13
03-05-2025-17-01,303,92,13.13
03-05-2025-17-01,306,91,13.19
03-05-2025-17-01,306,91,13.19
03-05-2025-17-01,305,91,13.19
03-05-2025-17-01,305,91,13.19
03-05-2025-17-01,304,92,13.19
03-05-2025-17-01,304,92,13.19
03-05-2025-17-01,304,92,13.13
03-05-2025-17-01,304,92,13.13
03-05-2025-17-01,306,91,13.19
03-05-2025-17-01,306,91,13.19
03-05-2025-17-01,308,91,13.19
03-05-2025-17-01,308,91,13.19
03-05-2025-17-01,302,92,13.19
03-05-2025-17-01,302,92,13.19
03-05-2025-17-01,308,91,13.19
03-05-2025-17-01,308,91,13.19
03-05-2025-17-01,303,92,13.19
03-05-2025-17-01,303,92,13.19
03-05-2025-17-01,306,91,13.19
03-05-2025-17-01,306,91,13.19
03-05-2025-17-01,306,91,13.13
03-05-2025-17-01,306,91,13.13
03-05-2025-17-01,306,91,13.19
03-05-2025-17-01,306,91,13.19
03-05-2025-17-01,306,91,13.13
03-05-2025-17-01,306,91,13.13
03-05-2025-17-01,304,92,13.19
03-05-2025-17-01,304,92,13.19
03-05-2025-17-01,305,91,13.13
03-05-2025-17-01,305,91,13.13
03-05-2025-17-01,303,92,13.13
03-05-2025-17-01,303,92,13.13
03-05-2025-17-01,309,91,13.19
03-05-2025-17-01,309,91,13.19
03-05-2025-17-01,304,92,13.13
03-05-2025-17-01,304,92,13.13
03-05-2025-17-01,307,91,13.19
03-05-2025-17-01,307,91,13.19
03-05-2025-17-02,304,92,13.13
03-05-2025-17-02,304,92,13.13
03-05-2025-17-02,305,91,13.19
03-05-2025-17-02,305,91,13.19
03-05-2025-17-02,305,91,13.13
03-05-2025-17-02,305,91,13.13
03-05-2025-17-02,306,91,13.13
03-05-2025-17-02,306,91,13.13
03-05-2025-17-02,305,91,13.13
03-05-2025-17-02,305,91,13.13
03-05-2025-17-02,305,91,13.19
03-05-2025-17-02,305,91,13.19
03-05-2025-17-02,305,91,13.13
03-05-2025-17-02,305,91,13.13
03-05-2025-17-02,306,91,13.13
03-05-2025-17-02,306,91,13.13
03-05-2025-17-02,307,91,13.13
03-05-2025-17-02,307,91,13.13
03-05-2025-17-02,302,92,13.19
03-05-2025-17-02,302,92,13.19
03-05-2025-17-02,308,91,13.13
03-05-2025-17-02,308,91,13.13
03-05-2025-17-02,302,92,13.13
03-05-2025-17-02,302,92,13.13
03-05-2025-17-02,302,92,13.13
03-05-2025-17-02,302,92,13.13
03-05-2025-17-02,302,92,13.13
03-05-2025-17-02,302,92,13.13
03-05-2025-17-02,302,92,13.13
03-05-2025-17-02,302,92,13.13
03-05-2025-17-02,307,91,13.06
03-05-2025-17-02,307,91,13.06
03-05-2025-17-02,306,91,13.13
03-05-2025-17-02,306,91,13.13
03-05-2025-17-02,306,91,13.13
03-05-2025-17-02,306,91,13.13
03-05-2025-17-02,305,91,13.13
03-05-2025-17-02,305,91,13.13
03-05-2025-17-02,304,92,13.13
03-05-2025-17-02,304,92,13.13
03-05-2025-17-02,306,91,13.13
03-05-2025-17-02,306,91,13.13
03-05-2025-17-02,302,92,13.13
03-05-2025-17-02,302,92,13.13
03-05-2025-17-02,308,91,13.06
03-05-2025-17-02,308,91,13.06
03-05-2025-17-02,302,92,13.13
03-05-2025-17-02,302,92,13.13
03-05-2025-17-02,307,91,13.13
03-05-2025-17-02,307,91,13.13
03-05-2025-17-02,303,92,13.13
03-05-2025-17-02,303,92,13.13
03-05-2025-17-02,307,91,13.13
03-05-2025-17-02,307,91,13.13
03-05-2025-17-02,306,91,13.06
03-05-2025-17-02,306,91,13.06
03-05-2025-17-02,305,91,13.06
03-05-2025-17-02,305,91,13.06
03-05-2025-17-02,305,91,13.13
03-05-2025-17-02,305,91,13.13
03-05-2025-17-03,305,91,13.13
03-05-2025-17-03,305,91,13.13
03-05-2025-17-03,305,91,13.06
03-05-2025-17-03,305,91,13.06
03-05-2025-17-03,306,91,13.13
03-05-2025-17-03,306,91,13.13
03-05-2025-17-03,306,91,13.06
03-05-2025-17-03,306,91,13.06
03-05-2025-17-03,305,91,13.06
03-05-2025-17-03,305,91,13.06
03-05-2025-17-03,309,91,13.06
03-05-2025-17-03,309,91,13.06
03-05-2025-17-03,302,92,13.13
03-05-2025-17-03,302,92,13.13
03-05-2025-17-03,307,91,13.06
03-05-2025-17-03,307,91,13.06
03-05-2025-17-03,301,92,13.06
03-05-2025-17-03,301,92,13.06
03-05-2025-17-03,308,91,13.06
03-05-2025-17-03,308,91,13.06
03-05-2025-17-03,304,92,13.06
03-05-2025-17-03,304,92,13.06
03-05-2025-17-03,305,91,13.06
03-05-2025-17-03,305,91,13.06
03-05-2025-17-03,306,91,13.13
03-05-2025-17-03,306,91,13.13
03-05-2025-17-03,305,91,13.06
03-05-2025-17-03,305,91,13.06
03-05-2025-17-03,305,91,13.06
03-05-2025-17-03,305,91,13.06
03-05-2025-17-03,304,92,13.06
03-05-2025-17-03,304,92,13.06
03-05-2025-17-03,306,91,13.06
03-05-2025-17-03,306,91,13.06
03-05-2025-17-03,303,92,13.06
03-05-2025-17-03,303,92,13.06
03-05-2025-17-03,309,91,13.06
03-05-2025-17-03,309,91,13.06
03-05-2025-17-03,304,92,13.06
03-05-2025-17-03,304,92,13.06
03-05-2025-17-03,306,91,13.06
03-05-2025-17-03,306,91,13.06
03-05-2025-17-03,306,91,13.06
03-05-2025-17-03,306,91,13.06
03-05-2025-17-03,307,91,13.06
03-05-2025-17-03,307,91,13.06
03-05-2025-17-03,307,91,13.06
03-05-2025-17-03,307,91,13.06
03-05-2025-17-03,306,91,13.06
03-05-2025-17-03,306,91,13.06
03-05-2025-17-03,308,91,13.06
03-05-2025-17-03,308,91,13.06
03-05-2025-17-03,303,92,13.06
03-05-2025-17-03,303,92,13.06
03-05-2025-17-03,308,91,13.06
03-05-2025-17-03,308,91,13.06
03-05-2025-17-03,305,91,13.06
03-05-2025-17-03,305,91,13.06
03-05-2025-17-03,306,91,13.06
03-05-2025-17-03,306,91,13.06
03-05-2025-17-04,305,91,13.06
03-05-2025-17-04,305,91,13.06
03-05-2025-17-04,305,91,13.06
03-05-2025-17-04,305,91,13.06
03-05-2025-17-04,306,91,13.06
03-05-2025-17-04,306,91,13.06
03-05-2025-17-04,303,92,13.06
03-05-2025-17-04,303,92,13.06
03-05-2025-17-04,303,92,13.06
03-05-2025-17-04,301,92,13.0
03-05-2025-17-04,301,92,13.0
03-05-2025-17-04,308,91,13.06
03-05-2025-17-04,308,91,13.06
03-05-2025-17-04,303,92,13.0
03-05-2025-17-04,303,92,13.0
03-05-2025-17-04,305,91,13.06
03-05-2025-17-04,305,91,13.06
03-05-2025-17-04,306,91,13.0
03-05-2025-17-04,306,91,13.0
03-05-2025-17-04,307,91,13.0
03-05-2025-17-04,307,91,13.0
03-05-2025-17-04,305,91,13.0
03-05-2025-17-04,305,91,13.0
03-05-2025-17-04,306,91,13.06
03-05-2025-17-04,306,91,13.06
03-05-2025-17-04,306,91,13.0
03-05-2025-17-04,306,91,13.0
03-05-2025-17-04,307,91,13.0
03-05-2025-17-04,307,91,13.0
03-05-2025-17-04,305,91,13.0
03-05-2025-17-04,305,91,13.0
03-05-2025-17-04,306,91,13.0
03-05-2025-17-04,306,91,13.0
03-05-2025-17-04,305,91,13.0
03-05-2025-17-04,305,91,13.0
03-05-2025-17-04,304,92,13.0
03-05-2025-17-04,304,92,13.0
03-05-2025-17-04,304,92,13.0
03-05-2025-17-04,304,92,13.0
03-05-2025-17-04,305,91,13.0
03-05-2025-17-04,305,91,13.0
03-05-2025-17-04,305,91,13.0
03-05-2025-17-04,305,91,13.0
03-05-2025-17-04,306,91,13.0
03-05-2025-17-04,306,91,13.0
03-05-2025-17-04,304,92,13.0
03-05-2025-17-04,304,92,13.0
03-05-2025-17-04,301,92,13.0
03-05-2025-17-04,301,92,13.0
03-05-2025-17-04,308,91,13.06
03-05-2025-17-04,308,91,13.06
03-05-2025-17-04,303,92,13.0
03-05-2025-17-04,303,92,13.0
03-05-2025-17-04,308,91,13.0
03-05-2025-17-04,308,91,13.0
03-05-2025-17-04,303,92,13.0
03-05-2025-17-04,303,92,13.0
03-05-2025-17-04,308,91,13.0
03-05-2025-17-04,308,91,13.0
03-05-2025-17-05,302,92,13.0
03-05-2025-17-05,302,92,13.0
03-05-2025-17-05,307,91,13.0
03-05-2025-17-05,307,91,13.0
03-05-2025-17-05,303,92,13.0
03-05-2025-17-05,303,92,13.0
03-05-2025-17-05,308,91,13.0
03-05-2025-17-05,308,91,13.0
03-05-2025-17-05,306,91,13.0
03-05-2025-17-05,306,91,13.0
03-05-2025-17-05,308,91,13.0
03-05-2025-17-05,308,91,13.0
03-05-2025-17-05,307,91,13.0
03-05-2025-17-05,307,91,13.0
03-05-2025-17-05,308,91,13.0
03-05-2025-17-05,308,91,13.0
03-05-2025-17-05,305,91,13.0
03-05-2025-17-05,305,91,13.0
03-05-2025-17-05,307,91,13.0
03-05-2025-17-05,307,91,13.0
03-05-2025-17-05,306,91,13.0
03-05-2025-17-05,306,91,13.0
03-05-2025-17-05,306,91,13.0
03-05-2025-17-05,306,91,13.0
03-05-2025-17-05,306,91,13.0
03-05-2025-17-05,306,91,13.0
03-05-2025-17-05,305,91,13.0
03-05-2025-17-05,305,91,13.0
03-05-2025-17-05,306,91,13.0
03-05-2025-17-05,306,91,13.0
03-05-2025-17-05,307,91,13.0
03-05-2025-17-05,307,91,13.0
03-05-2025-17-05,306,91,13.0
03-05-2025-17-05,306,91,13.0
03-05-2025-17-05,306,91,13.0
03-05-2025-17-05,306,91,13.0
03-05-2025-17-05,306,91,13.0
03-05-2025-17-05,306,91,13.0
03-05-2025-17-05,305,91,13.0
03-05-2025-17-05,305,91,13.0
03-05-2025-17-05,304,92,13.0
03-05-2025-17-05,304,92,13.0
03-05-2025-17-05,306,91,13.0
03-05-2025-17-05,306,91,13.0
03-05-2025-17-05,306,91,13.0
03-05-2025-17-05,306,91,13.0
03-05-2025-17-05,306,91,13.0
03-05-2025-17-05,306,91,13.0
03-05-2025-17-05,305,91,13.0
03-05-2025-17-05,305,91,13.0
03-05-2025-17-05,304,92,13.0
03-05-2025-17-05,304,92,13.0
03-05-2025-17-05,308,91,13.0
03-05-2025-17-05,308,91,13.0
03-05-2025-17-05,301,92,13.0
03-05-2025-17-05,301,92,13.0
03-05-2025-17-05,301,92,13.0
03-05-2025-17-05,301,92,13.0
03-05-2025-17-05,301,92,13.0
03-05-2025-17-05,301,92,13.0
03-05-2025-17-06,300,92,12.94
03-05-2025-17-06,300,92,12.94
03-05-2025-17-06,300,92,12.94
03-05-2025-17-06,300,92,12.94
03-05-2025-17-06,300,92,12.94
03-05-2025-17-06,300,92,12.94
03-05-2025-17-06,300,92,12.94
03-05-2025-17-06,300,92,12.94
03-05-2025-17-06,300,92,12.94
03-05-2025-17-06,300,92,12.94
03-05-2025-17-06,300,92,12.94
03-05-2025-17-06,300,92,12.94
03-05-2025-17-06,300,92,12.94
03-05-2025-17-06,300,92,12.94
03-05-2025-17-06,300,92,12.94
03-05-2025-17-06,300,92,12.94
03-05-2025-17-06,300,92,12.94
03-05-2025-17-06,300,92,12.94
03-05-2025-17-06,300,92,12.94
