CName,PIp,CIp,AngleCAntennaToPRadio (째),AnglePAntennaToCRadio (째),HDist (ft),VDist (ft),SpecialValueName,SpecialValue,PLocation,CLocation
radio2,192.168.1.254,192.168.1.11,60,15,100,150,dirt,0.5,None, None
Date (Mon/Day/Year),Time (Hour:Min:Sec),Channel,PTxPower,PRxGain,Bandwidth,PTemp (째C),PUpTime (Day-Hour:Min:Sec),PFreeMemory (%),DS0,DS1,DRSSI,DNoiseFloor,DSNR,DTxModulation,DRxModulation,CTemp (째C),CUpTime,ULinkUpTime,CTxPower,US0,US1,USRSSI,USNoiseFloor,USNR,UTxModulation,UTxPackets (Pkts.),URxModulation,URxPackets (Pkts.),PingTimeAVG
2025-03-05,16:41:47,17,5.0,2.0,6.0,34.00,24-22:20:33,70,-68.5,-64.0,-63.0,-101.0,38.0,MCS 7 shortGI,MCS 15,30.00,1-00:02:08,0-07:45:36,7.0,-61.0,-61.0,-58.0,-101.0,43.0,MCS 14 short GI,252987,MCS 7 short GI,135211,0
2025-03-05,16:41:57,17,5.0,2.0,6.0,34.00,24-22:20:44,70,-68.0,-65.0,-63.0,-101.0,38.0,MCS 7 shortGI,MCS 15,30.00,1-00:02:17,0-07:45:48,7.0,-60.0,-62.0,-58.0,-99.0,41.0,MCS 15,253113,MCS 7 short GI,135284,0
2025-03-05,16:42:08,17,5.0,2.0,6.0,34.00,24-22:20:52,70,-68.0,-64.0,-63.0,-101.0,38.0,MCS 7 shortGI,MCS 15,30.00,1-00:02:26,0-07:45:59,7.0,-61.0,-60.0,-57.0,-99.0,42.0,MCS 15 short GI,253240,MCS 7 short GI,135344,0
2025-03-05,16:42:18,17,5.0,2.0,6.0,34.00,24-22:21:04,70,-67.0,-65.0,-63.0,-101.0,38.0,MCS 7 shortGI,MCS 15,30.00,1-00:02:38,0-07:46:08,7.0,-61.0,-60.0,-57.0,-101.0,44.0,MCS 15,253338,MCS 7 short GI,135400,0
2025-03-05,16:42:29,17,5.0,2.0,6.0,34.00,24-22:21:16,70,-68.0,-63.0,-62.0,-101.0,39.0,MCS 7 shortGI,MCS 15,30.00,1-00:02:50,0-07:46:19,7.0,-60.0,-60.0,-57.0,-100.0,43.0,MCS 15,253455,MCS 7 short GI,135474,0
2025-03-05,16:42:39,17,5.0,2.0,6.0,34.00,24-22:21:23,70,-68.0,-62.0,-61.0,-100.0,39.0,MCS 7 shortGI,MCS 15,30.00,1-00:03:00,0-07:46:27,7.0,-60.0,-60.0,-57.0,-99.0,42.0,MCS 15,253555,MCS 7 short GI,135523,0
2025-03-05,16:42:49,17,5.0,2.0,6.0,34.00,24-22:21:35,70,-69.0,-62.0,-61.0,-100.0,39.0,MCS 7 shortGI,MCS 15,30.00,1-00:03:08,0-07:46:39,7.0,-60.0,-62.0,-58.0,-100.0,42.0,MCS 14 short GI,253703,MCS 7 short GI,135614,0
2025-03-05,16:43:00,17,5.0,2.0,6.0,34.00,24-22:21:47,70,-68.0,-64.0,-62.0,-101.0,39.0,MCS 7 shortGI,MCS 15,30.00,1-00:03:20,0-07:46:51,7.0,-60.0,-60.0,-57.0,-100.0,43.0,MCS 15,253816,MCS 7 short GI,135686,0
2025-03-05,16:43:10,17,5.0,2.0,6.0,34.00,24-22:21:55,70,-69.0,-62.0,-61.0,-100.0,39.0,MCS 7 shortGI,MCS 15,30.00,1-00:03:29,0-07:46:59,7.0,-60.0,-62.0,-58.0,-100.0,42.0,MCS 15,253908,MCS 7 short GI,135722,0
2025-03-05,16:43:20,17,5.0,2.0,6.0,34.00,24-22:22:07,70,-69.0,-62.0,-61.0,-100.0,39.0,MCS 7 shortGI,MCS 15,30.00,1-00:03:41,0-07:47:11,7.0,-60.0,-63.0,-58.0,-101.0,43.0,MCS 15,254033,MCS 7 short GI,135809,0
2025-03-05,16:43:31,17,5.0,2.0,6.0,34.00,24-22:22:16,70,-69.0,-63.0,-62.0,-101.0,39.0,MCS 7 shortGI,MCS 15,30.00,1-00:03:50,0-07:47:23,7.0,-60.0,-60.0,-57.0,-97.0,40.0,MCS 15,254146,MCS 7 short GI,135866,0
2025-03-05,16:43:41,17,5.0,2.0,6.0,34.00,24-22:22:28,69,-68.0,-64.0,-63.0,-101.0,38.0,MCS 7 shortGI,MCS 15,30.00,1-00:04:02,0-07:47:31,7.0,-60.0,-59.0,-57.0,-98.0,41.0,MCS 15,254280,MCS 7 short GI,135925,0
2025-03-05,16:43:52,17,5.0,2.0,6.0,34.00,24-22:22:39,70,-69.0,-62.0,-61.0,-100.0,39.0,MCS 7 shortGI,MCS 15,30.00,1-00:04:11,0-07:47:42,7.0,-60.0,-61.0,-57.0,-99.0,42.0,MCS 15,254386,MCS 7 short GI,135979,0
2025-03-05,16:44:02,17,5.0,2.0,6.0,34.00,24-22:22:50,70,-70.0,-62.0,-61.0,-100.0,39.0,MCS 7 shortGI,MCS 15,30.00,1-00:04:20,0-07:47:54,7.0,-60.0,-62.0,-58.0,-100.0,42.0,MCS 15,254508,MCS 7 short GI,136057,0
2025-03-05,16:44:12,17,5.0,2.0,6.0,34.00,24-22:22:58,69,-70.0,-63.0,-62.0,-100.0,38.0,MCS 7 shortGI,MCS 14,30.00,1-00:04:32,0-07:48:02,7.0,-60.0,-63.0,-59.0,-101.0,42.0,MCS 14 short GI,254601,MCS 7 short GI,136093,0
2025-03-05,16:44:23,17,5.0,2.0,6.0,34.00,24-22:23:10,70,-69.0,-63.0,-62.0,-100.0,38.0,MCS 7 shortGI,MCS 15,30.00,1-00:04:41,0-07:48:14,7.0,-61.0,-64.0,-59.0,-101.0,42.0,MCS 15,254743,MCS 7 short GI,136178,0
2025-03-05,16:44:33,17,5.0,2.0,6.0,34.00,24-22:23:17,70,-68.0,-63.0,-62.0,-100.0,38.0,MCS 7 shortGI,MCS 15,30.00,1-00:04:54,0-07:48:25,7.0,-61.0,-65.0,-59.0,-102.0,43.0,MCS 14,254850,MCS 7 short GI,136243,0
2025-03-05,16:44:43,17,5.0,2.0,6.0,33.00,24-22:23:29,70,-69.0,-63.0,-62.0,-100.0,38.0,MCS 7 shortGI,MCS 15,30.00,1-00:05:02,0-07:48:33,7.0,-60.0,-64.0,-59.0,-100.0,41.0,MCS 15,254936,MCS 7 short GI,136285,0
2025-03-05,16:44:54,17,5.0,2.0,6.0,33.00,24-22:23:41,70,-70.0,-64.0,-63.0,-101.0,38.0,MCS 7 shortGI,MCS 15,30.00,1-00:05:14,0-07:48:44,7.0,-60.0,-61.0,-57.0,-99.0,42.0,MCS 15,255058,MCS 7 short GI,136349,0
2025-03-05,16:45:04,17,5.0,2.0,6.0,33.00,24-22:23:52,70,-69.0,-63.0,-62.0,-100.0,38.0,MCS 7 shortGI,MCS 15,30.00,1-00:05:24,0-07:48:56,7.0,-60.0,-60.0,-57.0,-99.0,42.0,MCS 15,255165,MCS 7 short GI,136413,0
2025-03-05,16:45:15,17,5.0,2.0,6.0,33.00,24-22:24:00,70,-68.0,-64.0,-63.0,-100.0,37.0,MCS 7 shortGI,MCS 15,30.00,1-00:05:35,0-07:49:03,7.0,-60.0,-62.0,-58.0,-100.0,42.0,MCS 15,255244,MCS 7 short GI,136455,0
2025-03-05,16:45:25,17,5.0,2.0,6.0,33.00,24-22:24:12,70,-68.0,-59.0,-58.0,-99.0,41.0,MCS 7 shortGI,MCS 15,30.00,1-00:05:45,0-07:49:15,7.0,-60.0,-63.0,-58.0,-101.0,43.0,MCS 15,255386,MCS 7 short GI,136539,0
2025-03-05,16:45:35,17,5.0,2.0,6.0,33.00,24-22:24:23,70,-68.0,-63.0,-62.0,-101.0,39.0,MCS 7 shortGI,MCS 15,30.00,1-00:05:57,0-07:49:27,7.0,-60.0,-60.0,-57.0,-100.0,43.0,MCS 15,255504,MCS 7 short GI,136606,0
2025-03-05,16:45:46,17,5.0,2.0,6.0,33.00,24-22:24:32,69,-67.0,-63.0,-61.0,-101.0,40.0,MCS 7 shortGI,MCS 14 shortGI,30.00,1-00:06:06,0-07:49:35,7.0,-60.0,-62.0,-58.0,-100.0,42.0,MCS 15,255590,MCS 7 short GI,136651,0
2025-03-05,16:45:56,17,5.0,2.0,6.0,33.00,24-22:24:43,70,-67.0,-62.0,-61.0,-101.0,40.0,MCS 7 shortGI,MCS 15,30.00,1-00:06:17,0-07:49:47,7.0,-60.0,-60.0,-57.0,-100.0,43.0,MCS 15,255713,MCS 7 short GI,136718,0
2025-03-05,16:46:06,17,5.0,2.0,6.0,33.00,24-22:24:55,69,-69.0,-63.0,-62.0,-101.0,39.0,MCS 7 shortGI,MCS 15,30.00,1-00:06:27,0-07:49:58,7.0,-60.0,-59.0,-56.0,-100.0,44.0,MCS 15,255844,MCS 7 short GI,136799,0
2025-03-05,16:46:17,17,5.0,2.0,6.0,33.00,24-22:25:03,70,-68.0,-63.0,-61.0,-101.0,40.0,MCS 7 shortGI,MCS 15,30.00,1-00:06:36,0-07:50:06,7.0,-59.0,-60.0,-56.0,-100.0,44.0,MCS 15,255944,MCS 7 short GI,136852,0
2025-03-05,16:46:27,17,5.0,2.0,6.0,33.00,24-22:25:14,70,-68.0,-63.0,-62.0,-101.0,39.0,MCS 7 shortGI,MCS 15,30.00,1-00:06:48,0-07:50:18,7.0,-61.0,-58.0,-56.0,-98.0,42.0,MCS 15,256081,MCS 7 short GI,136934,0
2025-03-05,16:46:37,17,5.0,2.0,6.0,33.00,24-22:25:22,69,-68.0,-64.0,-62.0,-101.0,39.0,MCS 7 shortGI,MCS 15,30.00,1-00:06:57,0-07:50:25,7.0,-60.0,-61.0,-58.0,-100.0,42.0,MCS 15 short GI,256150,MCS 7 short GI,136972,0
2025-03-05,16:46:48,17,5.0,2.0,6.0,33.00,24-22:25:34,69,-68.0,-64.0,-62.0,-101.0,39.0,MCS 7 shortGI,MCS 15,30.00,1-00:07:09,0-07:50:37,7.0,-60.0,-59.0,-56.0,-99.0,43.0,MCS 14,256274,MCS 7 short GI,137036,0
2025-03-05,16:46:58,17,5.0,2.0,6.0,33.00,24-22:25:45,70,-68.0,-63.0,-62.0,-101.0,39.0,MCS 7 shortGI,MCS 15,30.00,1-00:07:18,0-07:50:48,7.0,-60.0,-59.0,-57.0,-99.0,42.0,MCS 15,256396,MCS 7 short GI,137102,0
2025-03-05,16:47:09,17,5.0,2.0,6.0,33.00,24-22:25:53,70,-68.0,-64.0,-63.0,-101.0,38.0,MCS 7 shortGI,MCS 15,30.00,1-00:07:30,0-07:50:57,7.0,-60.0,-62.0,-58.0,-100.0,42.0,MCS 15,256484,MCS 7 short GI,137148,0
2025-03-05,16:47:19,17,5.0,2.0,6.0,33.00,24-22:26:05,70,-68.0,-63.0,-62.0,-101.0,39.0,MCS 7 shortGI,MCS 15,30.00,1-00:07:39,0-07:51:09,7.0,-61.0,-61.0,-58.0,-100.0,42.0,MCS 15,256605,MCS 7 short GI,137214,0
2025-03-05,16:47:29,17,5.0,2.0,6.0,33.00,24-22:26:17,70,-69.0,-63.0,-62.0,-101.0,39.0,MCS 7 shortGI,MCS 15,30.00,1-00:07:50,0-07:51:20,7.0,-60.0,-57.0,-55.0,-96.0,41.0,MCS 15,256743,MCS 7 short GI,137300,0
2025-03-05,16:47:40,17,5.0,2.0,6.0,33.00,24-22:26:25,69,-68.0,-63.0,-62.0,-101.0,39.0,MCS 7 shortGI,MCS 15,30.00,1-00:08:00,0-07:51:28,7.0,-60.0,-58.0,-56.0,-98.0,42.0,MCS 15,256850,MCS 7 short GI,137354,0
2025-03-05,16:47:50,17,5.0,2.0,6.0,33.00,24-22:26:38,70,-69.0,-61.0,-60.0,-100.0,40.0,MCS 7 shortGI,MCS 15,29.00,1-00:08:12,0-07:51:41,7.0,-60.0,-65.0,-59.0,-101.0,42.0,MCS 15,256978,MCS 7 short GI,137427,0
2025-03-05,16:48:00,17,5.0,2.0,6.0,33.00,24-22:26:49,69,-68.0,-63.0,-62.0,-101.0,39.0,MCS 7 shortGI,MCS 15,29.00,1-00:08:21,0-07:51:52,7.0,-60.0,-61.0,-58.0,-100.0,42.0,MCS 15,257113,MCS 7 short GI,137508,0
2025-03-05,16:48:11,17,5.0,2.0,6.0,33.00,24-22:26:57,69,-68.0,-62.0,-61.0,-101.0,40.0,MCS 7 shortGI,MCS 15,29.00,1-00:08:30,0-07:52:00,7.0,-60.0,-61.0,-58.0,-101.0,43.0,MCS 15,257212,MCS 7 short GI,137553,0
2025-03-05,16:48:21,17,5.0,2.0,6.0,33.00,24-22:27:08,70,-68.0,-60.0,-60.0,-100.0,40.0,MCS 7 shortGI,MCS 15,29.00,1-00:08:42,0-07:52:12,7.0,-60.0,-63.0,-58.0,-101.0,43.0,MCS 15,257354,MCS 7 short GI,137636,0
2025-03-05,16:48:31,17,5.0,2.0,6.0,33.00,24-22:27:20,70,-68.0,-61.0,-60.0,-101.0,41.0,MCS 7 shortGI,MCS 15,29.00,1-00:08:51,0-07:52:23,7.0,-60.0,-62.0,-58.0,-100.0,42.0,MCS 15,257478,MCS 7 short GI,137702,0
2025-03-05,16:48:42,17,5.0,2.0,6.0,33.00,24-22:27:28,69,-68.0,-62.0,-61.0,-101.0,40.0,MCS 7 shortGI,MCS 15,29.00,1-00:09:03,0-07:52:32,7.0,-61.0,-62.0,-58.0,-99.0,41.0,MCS 15,257561,MCS 7 short GI,137743,0
2025-03-05,16:48:52,17,5.0,2.0,6.0,33.00,24-22:27:39,70,-68.0,-60.0,-59.0,-99.0,40.0,MCS 7 shortGI,MCS 15,29.00,1-00:09:12,0-07:52:42,7.0,-61.0,-61.0,-58.0,-100.0,42.0,MCS 15,257667,MCS 7 short GI,137813,0
2025-03-05,16:49:02,17,5.0,2.0,6.0,33.00,24-22:27:50,70,-69.0,-62.0,-61.0,-100.0,39.0,MCS 7 shortGI,MCS 15,29.00,1-00:09:24,0-07:52:54,7.0,-61.0,-61.0,-58.0,-102.0,44.0,MCS 15,257786,MCS 7 short GI,137879,0
2025-03-05,16:49:13,17,5.0,2.0,6.0,33.00,24-22:27:58,69,-67.0,-62.0,-61.0,-100.0,39.0,MCS 7 shortGI,MCS 15,29.00,1-00:09:33,0-07:53:02,7.0,-61.0,-61.0,-58.0,-102.0,44.0,MCS 15,257877,MCS 7 short GI,137918,0
2025-03-05,16:49:23,17,5.0,2.0,6.0,33.00,24-22:28:10,69,-68.0,-63.0,-62.0,-101.0,39.0,MCS 7 shortGI,MCS 15,29.00,1-00:09:45,0-07:53:13,7.0,-61.0,-60.0,-57.0,-100.0,43.0,MCS 15,258003,MCS 7 short GI,138001,0
2025-03-05,16:49:34,17,5.0,2.0,6.0,33.00,24-22:28:21,70,-68.0,-63.0,-62.0,-102.0,40.0,MCS 7 shortGI,MCS 15,29.00,1-00:09:54,0-07:53:24,7.0,-61.0,-63.0,-59.0,-101.0,42.0,MCS 15,258129,MCS 7 short GI,138073,0
2025-03-05,16:49:44,17,5.0,2.0,6.0,33.00,24-22:28:30,70,-67.0,-61.0,-60.0,-101.0,41.0,MCS 7 shortGI,MCS 14,29.00,1-00:10:06,0-07:53:33,7.0,-61.0,-62.0,-58.0,-101.0,43.0,MCS 14,258230,MCS 7 short GI,138125,0
2025-03-05,16:49:54,17,5.0,2.0,6.0,33.00,24-22:28:41,70,-68.0,-62.0,-61.0,-100.0,39.0,MCS 7 shortGI,MCS 14 shortGI,29.00,1-00:10:15,0-07:53:45,7.0,-60.0,-67.0,-59.0,-101.0,42.0,MCS 15,258345,MCS 7 short GI,138186,0
2025-03-05,16:50:05,17,5.0,2.0,6.0,33.00,24-22:28:53,70,-68.0,-64.0,-63.0,-101.0,38.0,MCS 7 shortGI,MCS 15,29.00,1-00:10:24,0-07:53:57,7.0,-61.0,-65.0,-59.0,-101.0,42.0,MCS 15,258483,MCS 7 short GI,138263,0
2025-03-05,16:50:15,17,5.0,2.0,6.0,33.00,24-22:29:02,70,-67.0,-62.0,-61.0,-100.0,39.0,MCS 7 shortGI,MCS 14,29.00,1-00:10:36,0-07:54:05,7.0,-61.0,-60.0,-57.0,-100.0,43.0,MCS 15,258575,MCS 7 short GI,138308,0
2025-03-05,16:50:25,17,5.0,2.0,6.0,33.00,24-22:29:13,69,-67.0,-61.0,-60.0,-99.0,39.0,MCS 7 shortGI,MCS 15,29.00,1-00:10:45,0-07:54:16,7.0,-60.0,-59.0,-57.0,-99.0,42.0,MCS 15,258712,MCS 7 short GI,138392,0
2025-03-05,16:50:36,17,5.0,2.0,6.0,33.00,24-22:29:20,70,-69.0,-63.0,-62.0,-101.0,39.0,MCS 7 shortGI,MCS 15,29.00,1-00:10:57,0-07:54:28,7.0,-60.0,-59.0,-57.0,-98.0,41.0,MCS 15,258845,MCS 7 short GI,138465,0
2025-03-05,16:50:46,17,5.0,2.0,6.0,33.00,24-22:29:32,70,-68.0,-63.0,-62.0,-102.0,40.0,MCS 7 shortGI,MCS 15,29.00,1-00:11:06,0-07:54:36,7.0,-60.0,-59.0,-56.0,-100.0,44.0,MCS 15,258942,MCS 7 short GI,138518,0
2025-03-05,16:50:57,17,5.0,2.0,6.0,33.00,24-22:29:44,70,-68.0,-61.0,-60.0,-102.0,42.0,MCS 7 shortGI,MCS 15,29.00,1-00:11:18,0-07:54:48,7.0,-60.0,-59.0,-57.0,-100.0,43.0,MCS 15,259057,MCS 7 short GI,138586,0
2025-03-05,16:51:07,17,5.0,2.0,6.0,33.00,24-22:29:51,69,-69.0,-61.0,-60.0,-102.0,42.0,MCS 7 shortGI,MCS 15,29.00,1-00:11:27,0-07:54:55,7.0,-60.0,-61.0,-58.0,-101.0,43.0,MCS 15,259142,MCS 7 short GI,138646,0
2025-03-05,16:51:17,17,5.0,2.0,6.0,33.00,24-22:30:04,69,-68.0,-61.0,-60.0,-101.0,41.0,MCS 7 shortGI,MCS 14 shortGI,29.00,1-00:11:36,0-07:55:07,7.0,-60.0,-60.0,-57.0,-101.0,44.0,MCS 14 short GI,259304,MCS 7 short GI,138737,0
2025-03-05,16:51:28,17,5.0,2.0,6.0,33.00,24-22:30:15,70,-68.0,-61.0,-60.0,-101.0,41.0,MCS 7 shortGI,MCS 15,29.00,1-00:11:48,0-07:55:18,7.0,-60.0,-59.0,-56.0,-98.0,42.0,MCS 14 short GI,259444,MCS 7 short GI,138835,0
2025-03-05,16:51:38,17,5.0,2.0,6.0,33.00,24-22:30:23,70,-68.0,-62.0,-61.0,-101.0,40.0,MCS 7 shortGI,MCS 15,29.00,1-00:11:57,0-07:55:26,7.0,-60.0,-60.0,-57.0,-101.0,44.0,MCS 15,259534,MCS 7 short GI,138890,0
2025-03-05,16:51:48,17,5.0,2.0,6.0,33.00,24-22:30:35,70,-68.0,-62.0,-61.0,-101.0,40.0,MCS 7 shortGI,MCS 15,29.00,1-00:12:09,0-07:55:38,7.0,-60.0,-62.0,-58.0,-102.0,44.0,MCS 15,259688,MCS 7 short GI,138978,0
2025-03-05,16:51:59,17,5.0,2.0,6.0,33.00,24-22:30:46,70,-68.0,-62.0,-61.0,-101.0,40.0,MCS 7 shortGI,MCS 15,29.00,1-00:12:18,0-07:55:50,7.0,-60.0,-56.0,-55.0,-98.0,43.0,MCS 15,259794,MCS 7 short GI,139042,0
2025-03-05,16:52:09,17,5.0,2.0,6.0,33.00,24-22:30:54,70,-67.0,-62.0,-61.0,-100.0,39.0,MCS 7 shortGI,MCS 14 shortGI,29.00,1-00:12:30,0-07:55:57,7.0,-60.0,-56.0,-55.0,-98.0,43.0,MCS 15,259882,MCS 7 short GI,139102,0
2025-03-05,16:52:20,17,5.0,2.0,6.0,33.00,24-22:31:05,70,-67.0,-60.0,-60.0,-100.0,40.0,MCS 7 shortGI,MCS 14 shortGI,29.00,1-00:12:39,0-07:56:09,7.0,-60.0,-61.0,-58.0,-101.0,43.0,MCS 15,260015,MCS 7 short GI,139185,0
2025-03-05,16:52:30,17,5.0,2.0,6.0,33.00,24-22:31:17,70,-68.0,-62.0,-61.0,-102.0,41.0,MCS 7 shortGI,MCS 15,29.00,1-00:12:51,0-07:56:21,7.0,-60.0,-58.0,-56.0,-100.0,44.0,MCS 15,260159,MCS 7 short GI,139261,0
2025-03-05,16:52:40,17,5.0,2.0,6.0,33.00,24-22:31:29,69,-68.0,-63.0,-61.0,-101.0,40.0,MCS 7 shortGI,MCS 15,29.00,1-00:13:00,0-07:56:32,7.0,-60.0,-60.0,-57.0,-101.0,44.0,MCS 15,260276,MCS 7 short GI,139323,0
2025-03-05,16:52:51,17,5.0,2.0,6.0,33.00,24-22:31:36,70,-68.0,-64.0,-63.0,-102.0,39.0,MCS 7 shortGI,MCS 15,29.00,1-00:13:12,0-07:56:40,7.0,-59.0,-60.0,-56.0,-101.0,45.0,MCS 15,260374,MCS 7 short GI,139384,0
2025-03-05,16:53:01,17,5.0,2.0,6.0,33.00,24-22:31:48,70,-68.0,-62.0,-61.0,-102.0,41.0,MCS 7 shortGI,MCS 15,29.00,1-00:13:21,0-07:56:52,7.0,-60.0,-57.0,-55.0,-98.0,43.0,MCS 15,260522,MCS 7 short GI,139482,0
2025-03-05,16:53:11,17,5.0,2.0,6.0,33.00,24-22:31:57,69,-67.0,-60.0,-59.0,-101.0,42.0,MCS 7 shortGI,MCS 15,29.00,1-00:13:30,0-07:57:00,7.0,-60.0,-56.0,-54.0,-98.0,44.0,MCS 15,260606,MCS 7 short GI,139539,0
2025-03-05,16:53:22,17,5.0,2.0,6.0,33.00,24-22:32:08,70,-68.0,-62.0,-61.0,-101.0,40.0,MCS 7 shortGI,MCS 15,29.00,1-00:13:42,0-07:57:12,7.0,-59.0,-61.0,-57.0,-100.0,43.0,MCS 15,260732,MCS 7 short GI,139636,0
2025-03-05,16:53:32,17,5.0,2.0,6.0,33.00,24-22:32:20,70,-68.0,-63.0,-62.0,-101.0,39.0,MCS 7 shortGI,MCS 15,29.00,1-00:13:51,0-07:57:24,7.0,-60.0,-62.0,-58.0,-101.0,43.0,MCS 15,260841,MCS 7 short GI,139718,0
2025-03-05,16:53:42,17,5.0,2.0,6.0,33.00,24-22:32:28,69,-67.0,-61.0,-60.0,-100.0,40.0,MCS 7 shortGI,MCS 15,29.00,1-00:14:03,0-07:57:31,7.0,-60.0,-61.0,-57.0,-101.0,44.0,MCS 15 short GI,260910,MCS 7 short GI,139764,0
2025-03-05,16:53:53,17,5.0,2.0,6.0,33.00,24-22:32:39,70,-67.0,-64.0,-62.0,-102.0,40.0,MCS 7 shortGI,MCS 15,29.00,1-00:14:12,0-07:57:43,7.0,-60.0,-58.0,-56.0,-97.0,41.0,MCS 15,261006,MCS 7 short GI,139828,0
2025-03-05,16:54:03,17,5.0,2.0,6.0,33.00,24-22:32:50,70,-68.0,-61.0,-60.0,-101.0,41.0,MCS 7 shortGI,MCS 15,29.00,1-00:14:24,0-07:57:54,7.0,-60.0,-59.0,-57.0,-100.0,43.0,MCS 15,261114,MCS 7 short GI,139910,0
2025-03-05,16:54:13,17,5.0,2.0,6.0,33.00,24-22:32:58,69,-68.0,-61.0,-60.0,-101.0,41.0,MCS 7 shortGI,MCS 15,29.00,1-00:14:33,0-07:58:02,7.0,-60.0,-57.0,-55.0,-98.0,43.0,MCS 15 short GI,261186,MCS 7 short GI,139958,0
2025-03-05,16:54:24,17,5.0,2.0,6.0,33.00,24-22:33:10,69,-67.0,-61.0,-60.0,-101.0,41.0,MCS 7 shortGI,MCS 15,29.00,1-00:14:45,0-07:58:13,7.0,-60.0,-59.0,-57.0,-100.0,43.0,MCS 15,261300,MCS 7 short GI,140040,0
2025-03-05,16:54:34,17,5.0,2.0,6.0,33.00,24-22:33:21,70,-68.0,-63.0,-62.0,-102.0,40.0,MCS 7 shortGI,MCS 15,29.00,1-00:14:54,0-07:58:25,7.0,-60.0,-61.0,-58.0,-101.0,43.0,MCS 15,261408,MCS 7 short GI,140106,0
2025-03-05,16:54:44,17,5.0,2.0,6.0,33.00,24-22:33:29,70,-68.0,-62.0,-61.0,-101.0,40.0,MCS 7 shortGI,MCS 15,29.00,1-00:15:06,0-07:58:37,7.0,-60.0,-58.0,-56.0,-101.0,45.0,MCS 15,261529,MCS 7 short GI,140169,0
2025-03-05,16:54:55,17,5.0,2.0,6.0,33.00,24-22:33:41,70,-67.0,-63.0,-62.0,-102.0,40.0,MCS 7 shortGI,MCS 14 shortGI,29.00,1-00:15:15,0-07:58:44,7.0,-60.0,-60.0,-57.0,-100.0,43.0,MCS 15,261616,MCS 7 short GI,140215,0
2025-03-05,16:55:05,17,5.0,2.0,6.0,33.00,24-22:33:53,69,-68.0,-62.0,-61.0,-102.0,41.0,MCS 7 shortGI,MCS 15,29.00,1-00:15:24,0-07:58:56,7.0,-59.0,-60.0,-57.0,-100.0,43.0,MCS 15,261733,MCS 7 short GI,140285,0
2025-03-05,16:55:16,17,5.0,2.0,6.0,33.00,24-22:34:00,70,-67.0,-63.0,-62.0,-102.0,40.0,MCS 7 shortGI,MCS 15,29.00,1-00:15:36,0-07:59:04,7.0,-60.0,-62.0,-58.0,-99.0,41.0,MCS 15 short GI,261823,MCS 7 short GI,140334,0
2025-03-05,16:55:26,17,5.0,2.0,6.0,33.00,24-22:34:12,70,-68.0,-63.0,-62.0,-102.0,40.0,MCS 7 shortGI,MCS 15,29.00,1-00:15:45,0-07:59:16,7.0,-60.0,-61.0,-58.0,-102.0,44.0,MCS 15,261967,MCS 7 short GI,140422,0
2025-03-05,16:55:36,17,5.0,2.0,6.0,33.00,24-22:34:24,70,-68.0,-64.0,-62.0,-102.0,40.0,MCS 7 shortGI,MCS 15,29.00,1-00:15:57,0-07:59:27,7.0,-60.0,-61.0,-57.0,-102.0,45.0,MCS 15,262087,MCS 7 short GI,140485,0
2025-03-05,16:55:47,17,5.0,2.0,6.0,33.00,24-22:34:32,70,-68.0,-64.0,-62.0,-102.0,40.0,MCS 7 shortGI,MCS 15,28.00,1-00:16:06,0-07:59:36,7.0,-61.0,-57.0,-56.0,-98.0,42.0,MCS 15,262176,MCS 7 short GI,140537,0
2025-03-05,16:55:57,17,5.0,2.0,6.0,33.00,24-22:34:43,69,-68.0,-66.0,-64.0,-102.0,38.0,MCS 7 shortGI,MCS 15,28.00,1-00:16:18,0-07:59:47,7.0,-59.0,-56.0,-54.0,-100.0,46.0,MCS 15,262284,MCS 7 short GI,140591,0
2025-03-05,16:56:07,17,5.0,2.0,6.0,33.00,24-22:34:55,69,-68.0,-66.0,-64.0,-102.0,38.0,MCS 7 shortGI,MCS 15,28.00,1-00:16:27,0-07:59:58,7.0,-60.0,-60.0,-57.0,-100.0,43.0,MCS 15,262417,MCS 7 short GI,140666,0
2025-03-05,16:56:18,17,5.0,2.0,6.0,33.00,24-22:35:03,70,-68.0,-65.0,-63.0,-102.0,39.0,MCS 7 shortGI,MCS 14 shortGI,28.00,1-00:16:39,0-08:00:06,7.0,-61.0,-60.0,-58.0,-100.0,42.0,MCS 15,262503,MCS 7 short GI,140714,0
2025-03-05,16:56:28,17,5.0,2.0,6.0,33.00,24-22:35:14,70,-69.0,-65.0,-64.0,-102.0,38.0,MCS 7 shortGI,MCS 15,28.00,1-00:16:48,0-08:00:18,7.0,-61.0,-59.0,-57.0,-99.0,42.0,MCS 15,262631,MCS 7 short GI,140793,0
2025-03-05,16:56:39,17,5.0,2.0,6.0,33.00,24-22:35:26,70,-69.0,-64.0,-63.0,-101.0,38.0,MCS 7 shortGI,MCS 15,28.00,1-00:17:00,0-08:00:29,7.0,-60.0,-60.0,-57.0,-100.0,43.0,MCS 15,262773,MCS 7 short GI,140862,0
2025-03-05,16:56:49,17,5.0,2.0,6.0,33.00,24-22:35:34,69,-68.0,-65.0,-63.0,-101.0,38.0,MCS 7 shortGI,MCS 15,28.00,1-00:17:09,0-08:00:38,7.0,-60.0,-62.0,-58.0,-101.0,43.0,MCS 15,262851,MCS 7 short GI,140908,0
2025-03-05,16:56:59,17,5.0,2.0,6.0,33.00,24-22:35:47,70,-67.0,-65.0,-63.0,-102.0,39.0,MCS 7 shortGI,MCS 15,28.00,1-00:17:18,0-08:00:50,7.0,-60.0,-60.0,-57.0,-100.0,43.0,MCS 15,262976,MCS 7 short GI,140976,0
2025-03-05,16:57:10,17,5.0,2.0,6.0,33.00,24-22:35:58,70,-68.0,-66.0,-64.0,-102.0,38.0,MCS 7 shortGI,MCS 15,28.00,1-00:17:30,0-08:01:02,7.0,-60.0,-60.0,-57.0,-100.0,43.0,MCS 15,263114,MCS 7 short GI,141056,0
2025-03-05,16:57:20,17,5.0,2.0,6.0,33.00,24-22:36:05,70,-69.0,-66.0,-64.0,-102.0,38.0,MCS 7 shortGI,MCS 15,28.00,1-00:17:39,0-08:01:09,7.0,-60.0,-60.0,-57.0,-99.0,42.0,MCS 15,263197,MCS 7 short GI,141108,0
2025-03-05,16:57:30,17,5.0,2.0,6.0,33.00,24-22:36:17,70,-68.0,-65.0,-63.0,-102.0,39.0,MCS 7 shortGI,MCS 15,28.00,1-00:17:51,0-08:01:21,7.0,-60.0,-57.0,-55.0,-98.0,43.0,MCS 15,263308,MCS 7 short GI,141170,0
2025-03-05,16:57:41,17,5.0,2.0,6.0,32.00,24-22:36:29,70,-69.0,-67.0,-65.0,-102.0,37.0,MCS 7 shortGI,MCS 15,28.00,1-00:18:00,0-08:01:32,7.0,-61.0,-59.0,-57.0,-99.0,42.0,MCS 15,263447,MCS 7 short GI,141247,0
2025-03-05,16:57:51,17,5.0,2.0,6.0,32.00,24-22:36:36,70,-68.0,-63.0,-62.0,-102.0,40.0,MCS 7 shortGI,MCS 15,28.00,1-00:18:12,0-08:01:40,7.0,-60.0,-60.0,-57.0,-99.0,42.0,MCS 15,263520,MCS 7 short GI,141292,0
2025-03-05,16:58:01,17,5.0,2.0,6.0,32.00,24-22:36:48,70,-68.0,-65.0,-63.0,-101.0,38.0,MCS 7 shortGI,MCS 15,28.00,1-00:18:21,0-08:01:52,7.0,-61.0,-59.0,-57.0,-98.0,41.0,MCS 15,263627,MCS 7 short GI,141353,0
2025-03-05,16:58:12,17,5.0,2.0,6.0,32.00,24-22:36:56,70,-68.0,-65.0,-63.0,-101.0,38.0,MCS 7 shortGI,MCS 15,28.00,1-00:18:33,0-08:02:04,7.0,-61.0,-59.0,-57.0,-100.0,43.0,MCS 15,263763,MCS 7 short GI,141419,0
2025-03-05,16:58:22,17,5.0,2.0,6.0,32.00,24-22:37:08,70,-68.0,-63.0,-62.0,-102.0,40.0,MCS 7 shortGI,MCS 15,28.00,1-00:18:42,0-08:02:12,7.0,-60.0,-60.0,-57.0,-101.0,44.0,MCS 15,263855,MCS 7 short GI,141478,0
2025-03-05,16:58:33,17,5.0,2.0,6.0,32.00,24-22:37:20,69,-68.0,-64.0,-62.0,-102.0,40.0,MCS 7 shortGI,MCS 15,28.00,1-00:18:51,0-08:02:23,7.0,-61.0,-61.0,-58.0,-101.0,43.0,MCS 15,263964,MCS 7 short GI,141545,0
2025-03-05,16:58:43,17,5.0,2.0,6.0,32.00,24-22:37:27,70,-68.0,-64.0,-63.0,-102.0,39.0,MCS 7 shortGI,MCS 15,28.00,1-00:19:03,0-08:02:35,7.0,-61.0,-59.0,-57.0,-101.0,44.0,MCS 15,264126,MCS 7 short GI,141626,0
2025-03-05,16:58:53,17,5.0,2.0,6.0,32.00,24-22:37:39,70,-67.0,-61.0,-60.0,-102.0,42.0,MCS 7 shortGI,MCS 15,28.00,1-00:19:12,0-08:02:42,7.0,-61.0,-61.0,-58.0,-102.0,44.0,MCS 15,264217,MCS 7 short GI,141683,0
2025-03-05,16:59:04,17,5.0,2.0,6.0,32.00,24-22:37:50,70,-67.0,-63.0,-61.0,-102.0,41.0,MCS 7 shortGI,MCS 15,28.00,1-00:19:24,0-08:02:54,7.0,-61.0,-58.0,-56.0,-100.0,44.0,MCS 15,264325,MCS 7 short GI,141749,0
2025-03-05,16:59:14,17,5.0,2.0,6.0,32.00,24-22:38:02,70,-68.0,-63.0,-62.0,-102.0,40.0,MCS 7 shortGI,MCS 15,28.00,1-00:19:33,0-08:03:06,7.0,-60.0,-60.0,-57.0,-100.0,43.0,MCS 15,264467,MCS 7 short GI,141827,0
2025-03-05,16:59:24,17,5.0,2.0,6.0,32.00,24-22:38:10,69,-68.0,-62.0,-61.0,-102.0,41.0,MCS 7 shortGI,MCS 14 shortGI,28.00,1-00:19:45,0-08:03:13,7.0,-60.0,-59.0,-57.0,-100.0,43.0,MCS 15,264567,MCS 7 short GI,141893,0
2025-03-05,16:59:35,17,5.0,2.0,6.0,32.00,24-22:38:21,70,-69.0,-64.0,-63.0,-102.0,39.0,MCS 7 shortGI,MCS 15,28.00,1-00:19:55,0-08:03:25,7.0,-61.0,-62.0,-58.0,-100.0,42.0,MCS 15,264678,MCS 7 short GI,141959,0
2025-03-05,16:59:45,17,5.0,2.0,6.0,32.00,24-22:38:33,70,-68.0,-64.0,-62.0,-103.0,41.0,MCS 7 shortGI,MCS 15,28.00,1-00:20:06,0-08:03:37,7.0,-60.0,-63.0,-58.0,-101.0,43.0,MCS 15,264813,MCS 7 short GI,142031,0
2025-03-05,16:59:56,17,5.0,2.0,6.0,32.00,24-22:38:41,70,-67.0,-66.0,-64.0,-103.0,39.0,MCS 7 shortGI,MCS 15,28.00,1-00:20:15,0-08:03:45,7.0,-60.0,-58.0,-56.0,-98.0,42.0,MCS 15 short GI,264900,MCS 7 short GI,142080,0
2025-03-05,17:00:06,17,5.0,2.0,6.0,32.00,24-22:38:53,70,-69.0,-65.0,-63.0,-102.0,39.0,MCS 7 shortGI,MCS 15,28.00,1-00:20:27,0-08:03:56,7.0,-60.0,-60.0,-57.0,-100.0,43.0,MCS 15,265030,MCS 7 short GI,142164,0
2025-03-05,17:00:16,17,5.0,2.0,6.0,32.00,24-22:39:01,69,-67.0,-64.0,-62.0,-102.0,40.0,MCS 7 shortGI,MCS 15,28.00,1-00:20:36,0-08:04:09,7.0,-60.0,-62.0,-58.0,-100.0,42.0,MCS 15,265177,MCS 7 short GI,142244,0
2025-03-05,17:00:27,17,5.0,2.0,6.0,32.00,24-22:39:13,70,-68.0,-64.0,-63.0,-102.0,39.0,MCS 7 shortGI,MCS 15,28.00,1-00:20:48,0-08:04:16,7.0,-61.0,-62.0,-58.0,-100.0,42.0,MCS 15,265276,MCS 7 short GI,142306,0
2025-03-05,17:00:37,17,5.0,2.0,6.0,32.00,24-22:39:24,70,-69.0,-64.0,-62.0,-100.0,38.0,MCS 7 shortGI,MCS 15,28.00,1-00:20:57,0-08:04:28,7.0,-60.0,-60.0,-57.0,-99.0,42.0,MCS 15,265402,MCS 7 short GI,142382,0
2025-03-05,17:00:47,17,5.0,2.0,6.0,32.00,24-22:39:32,70,-68.0,-62.0,-61.0,-100.0,39.0,MCS 7 shortGI,MCS 15,28.00,1-00:21:06,0-08:04:39,7.0,-60.0,-57.0,-55.0,-98.0,43.0,MCS 15 short GI,265549,MCS 7 short GI,142461,0
2025-03-05,17:00:58,17,5.0,2.0,6.0,32.00,24-22:39:44,69,-68.0,-65.0,-63.0,-101.0,38.0,MCS 7 shortGI,MCS 15,28.00,1-00:21:18,0-08:04:47,7.0,-61.0,-61.0,-58.0,-99.0,41.0,MCS 15,265631,MCS 7 short GI,142504,0
2025-03-05,17:01:08,17,5.0,2.0,6.0,32.00,24-22:39:55,70,-67.0,-63.0,-61.0,-100.0,39.0,MCS 7 shortGI,MCS 15,28.00,1-00:21:27,0-08:04:58,7.0,-60.0,-57.0,-55.0,-97.0,42.0,MCS 15,265763,MCS 7 short GI,142587,0
2025-03-05,17:01:18,17,5.0,2.0,6.0,32.00,24-22:40:06,70,-69.0,-62.0,-61.0,-100.0,39.0,MCS 7 shortGI,MCS 15,28.00,1-00:21:39,0-08:05:10,7.0,-60.0,-57.0,-55.0,-97.0,42.0,MCS 15,265910,MCS 7 short GI,142676,0
2025-03-05,17:01:29,17,5.0,2.0,6.0,32.00,24-22:40:14,70,-67.0,-64.0,-62.0,-101.0,39.0,MCS 7 shortGI,MCS 15,28.00,1-00:21:48,0-08:05:18,7.0,-60.0,-58.0,-56.0,-99.0,43.0,MCS 15,265989,MCS 7 short GI,142729,0
2025-03-05,17:01:39,17,5.0,2.0,6.0,32.00,24-22:40:26,70,-69.0,-64.0,-63.0,-101.0,38.0,MCS 7 shortGI,MCS 14,28.00,1-00:22:00,0-08:05:29,7.0,-60.0,-59.0,-57.0,-98.0,41.0,MCS 14,266088,MCS 7 short GI,142798,0
2025-03-05,17:01:50,17,5.0,2.0,6.0,32.00,24-22:40:38,70,-68.0,-64.0,-62.0,-101.0,39.0,MCS 7 shortGI,MCS 15,28.00,1-00:22:09,0-08:05:42,7.0,-60.0,-61.0,-57.0,-99.0,42.0,MCS 15,266209,MCS 7 short GI,142884,0
2025-03-05,17:02:00,17,5.0,2.0,6.0,32.00,24-22:40:45,70,-68.0,-61.0,-60.0,-100.0,40.0,MCS 7 shortGI,MCS 15,28.00,1-00:22:21,0-08:05:49,7.0,-61.0,-59.0,-57.0,-100.0,43.0,MCS 15,266279,MCS 7 short GI,142933,0
2025-03-05,17:02:10,17,5.0,2.0,6.0,32.00,24-22:40:57,70,-68.0,-62.0,-61.0,-101.0,40.0,MCS 7 shortGI,MCS 15,28.00,1-00:22:30,0-08:06:00,7.0,-61.0,-59.0,-57.0,-100.0,43.0,MCS 15,266405,MCS 7 short GI,143030,0
2025-03-05,17:02:21,17,5.0,2.0,6.0,32.00,24-22:41:05,70,-69.0,-64.0,-63.0,-102.0,39.0,MCS 7 shortGI,MCS 15,28.00,1-00:22:39,0-08:06:13,7.0,-60.0,-60.0,-57.0,-100.0,43.0,MCS 15,266545,MCS 7 short GI,143128,0
2025-03-05,17:02:31,17,5.0,2.0,6.0,32.00,24-22:41:17,70,-68.0,-63.0,-62.0,-102.0,40.0,MCS 7 shortGI,MCS 15,28.00,1-00:22:51,0-08:06:21,7.0,-59.0,-59.0,-56.0,-100.0,44.0,MCS 15,266615,MCS 7 short GI,143178,0
2025-03-05,17:02:41,17,5.0,2.0,6.0,32.00,24-22:41:28,69,-68.0,-64.0,-63.0,-102.0,39.0,MCS 7 shortGI,MCS 15,28.00,1-00:23:00,0-08:06:32,7.0,-60.0,-59.0,-57.0,-100.0,43.0,MCS 15,266712,MCS 7 short GI,143247,0
2025-03-05,17:02:52,17,5.0,2.0,6.0,32.00,24-22:41:40,70,-68.0,-65.0,-63.0,-102.0,39.0,MCS 7 shortGI,MCS 15,28.00,1-00:23:12,0-08:06:43,7.0,-60.0,-60.0,-57.0,-100.0,43.0,MCS 15,266836,MCS 7 short GI,143326,0
2025-03-05,17:03:02,17,5.0,2.0,6.0,32.00,24-22:41:48,70,-68.0,-65.0,-63.0,-102.0,39.0,MCS 7 shortGI,MCS 15,28.00,1-00:23:21,0-08:06:51,7.0,-60.0,-59.0,-56.0,-100.0,44.0,MCS 15,266915,MCS 7 short GI,143369,0
2025-03-05,17:03:12,17,5.0,2.0,6.0,32.00,24-22:41:59,70,-68.0,-63.0,-62.0,-101.0,39.0,MCS 7 shortGI,MCS 15,28.00,1-00:23:34,0-08:07:03,7.0,-60.0,-58.0,-56.0,-99.0,43.0,MCS 14 short GI,267044,MCS 7 short GI,143443,0
2025-03-05,17:03:23,17,5.0,2.0,6.0,32.00,24-22:42:11,70,-68.0,-63.0,-62.0,-101.0,39.0,MCS 7 shortGI,MCS 15,28.00,1-00:23:42,0-08:07:15,7.0,-60.0,-58.0,-56.0,-99.0,43.0,MCS 15,267177,MCS 7 short GI,143523,0
2025-03-05,17:03:33,17,5.0,2.0,6.0,32.00,24-22:42:19,70,-69.0,-63.0,-62.0,-101.0,39.0,MCS 7 shortGI,MCS 15,28.00,1-00:23:52,0-08:07:22,7.0,-60.0,-58.0,-56.0,-98.0,42.0,MCS 15,267253,MCS 7 short GI,143565,0
2025-03-05,17:03:43,17,5.0,2.0,6.0,32.00,24-22:42:31,70,-68.0,-63.0,-62.0,-102.0,40.0,MCS 7 shortGI,MCS 15,28.00,1-00:24:04,0-08:07:34,7.0,-61.0,-61.0,-58.0,-100.0,42.0,MCS 15,267383,MCS 7 short GI,143634,0
2025-03-05,17:03:54,17,5.0,2.0,6.0,32.00,24-22:42:39,70,-68.0,-64.0,-62.0,-102.0,40.0,MCS 7 shortGI,MCS 15,28.00,1-00:24:13,0-08:07:42,7.0,-60.0,-61.0,-58.0,-100.0,42.0,MCS 15,267465,MCS 7 short GI,143680,0
2025-03-05,17:04:04,17,5.0,2.0,6.0,32.00,24-22:42:50,70,-68.0,-63.0,-62.0,-102.0,40.0,MCS 7 shortGI,MCS 15,28.00,1-00:24:25,0-08:07:54,7.0,-60.0,-59.0,-56.0,-100.0,44.0,MCS 15,267577,MCS 7 short GI,143742,0
2025-03-05,17:04:14,17,5.0,2.0,6.0,32.00,24-22:43:02,70,-68.0,-63.0,-62.0,-101.0,39.0,MCS 7 shortGI,MCS 15,28.00,1-00:24:34,0-08:08:06,7.0,-60.0,-58.0,-56.0,-98.0,42.0,MCS 15,267711,MCS 7 short GI,143820,0
2025-03-05,17:04:25,17,5.0,2.0,6.0,32.00,24-22:43:10,70,-69.0,-65.0,-63.0,-102.0,39.0,MCS 7 shortGI,MCS 15,28.00,1-00:24:46,0-08:08:13,7.0,-60.0,-58.0,-56.0,-98.0,42.0,MCS 15,267807,MCS 7 short GI,143883,0
2025-03-05,17:04:35,17,5.0,2.0,6.0,32.00,24-22:43:21,70,-68.0,-65.0,-63.0,-102.0,39.0,MCS 7,MCS 15,28.00,1-00:24:55,0-08:08:25,7.0,-60.0,-57.0,-56.0,-98.0,42.0,MCS 15,267927,MCS 7 short GI,143947,0
2025-03-05,17:04:46,17,5.0,2.0,6.0,32.00,24-22:43:33,70,-68.0,-61.0,-60.0,-100.0,40.0,MCS 7 shortGI,MCS 15,28.00,1-00:25:07,0-08:08:36,7.0,-60.0,-60.0,-57.0,-100.0,43.0,MCS 15,268046,MCS 7 short GI,144003,0
2025-03-05,17:04:56,17,5.0,2.0,6.0,32.00,24-22:43:45,70,-68.0,-63.0,-62.0,-101.0,39.0,MCS 7 shortGI,MCS 15,28.00,1-00:25:16,0-08:08:48,7.0,-60.0,-56.0,-55.0,-99.0,44.0,MCS 15,268161,MCS 7 short GI,144061,0
2025-03-05,17:05:06,17,5.0,2.0,6.0,32.00,24-22:43:52,70,-69.0,-64.0,-63.0,-101.0,38.0,MCS 7 shortGI,MCS 15,28.00,1-00:25:28,0-08:08:55,7.0,-60.0,-60.0,-57.0,-99.0,42.0,MCS 15,268241,MCS 7 short GI,144100,0
2025-03-05,17:05:17,17,5.0,2.0,6.0,32.00,24-22:44:04,70,-69.0,-66.0,-65.0,-101.0,36.0,MCS 7 shortGI,MCS 15,28.00,1-00:25:37,0-08:09:08,7.0,-60.0,-60.0,-57.0,-99.0,42.0,MCS 15,268385,MCS 7 short GI,144185,0
2025-03-05,17:05:27,17,5.0,2.0,6.0,32.00,24-22:44:12,70,-68.0,-66.0,-64.0,-102.0,38.0,MCS 7 shortGI,MCS 15,28.00,1-00:25:46,0-08:09:16,7.0,-60.0,-60.0,-57.0,-100.0,43.0,MCS 15,268482,MCS 7 short GI,144253,0
2025-03-05,17:05:37,17,5.0,2.0,6.0,32.00,24-22:44:24,70,-68.0,-65.0,-63.0,-102.0,39.0,MCS 7 shortGI,MCS 15 shortGI,28.00,1-00:25:58,0-08:09:27,7.0,-60.0,-60.0,-57.0,-100.0,43.0,MCS 15,268606,MCS 7 short GI,144315,0
2025-03-05,17:05:48,17,5.0,2.0,6.0,32.00,24-22:44:36,70,-67.0,-64.0,-63.0,-101.0,38.0,MCS 7 shortGI,MCS 15,27.00,1-00:26:07,0-08:09:39,7.0,-60.0,-61.0,-58.0,-101.0,43.0,MCS 15,268730,MCS 7 short GI,144380,0
2025-03-05,17:05:58,17,5.0,2.0,6.0,32.00,24-22:44:43,70,-68.0,-61.0,-60.0,-100.0,40.0,MCS 7 shortGI,MCS 15,27.00,1-00:26:19,0-08:09:47,7.0,-60.0,-60.0,-57.0,-100.0,43.0,MCS 15,268799,MCS 7,144424,0
2025-03-05,17:06:08,17,5.0,2.0,6.0,32.00,24-22:44:54,70,-68.0,-63.0,-62.0,-101.0,39.0,MCS 7 shortGI,MCS 15,28.00,1-00:26:28,0-08:09:58,7.0,-60.0,-60.0,-57.0,-100.0,43.0,MCS 15,268916,MCS 7 short GI,144479,0
2025-03-05,17:06:19,17,5.0,2.0,6.0,32.00,24-22:45:07,70,-68.0,-64.0,-62.0,-101.0,39.0,MCS 7 shortGI,MCS 15,28.00,1-00:26:40,0-08:10:10,7.0,-60.0,-59.0,-57.0,-100.0,43.0,MCS 15,269050,MCS 7 short GI,144560,0
2025-03-05,17:06:29,17,5.0,2.0,6.0,32.00,24-22:45:15,70,-68.0,-63.0,-62.0,-101.0,39.0,MCS 7 shortGI,MCS 15,28.00,1-00:26:49,0-08:10:18,7.0,-62.0,-61.0,-58.0,-100.0,42.0,MCS 15,269108,MCS 7 short GI,144589,0
2025-03-05,17:06:39,17,5.0,2.0,6.0,32.00,24-22:45:25,70,-69.0,-65.0,-63.0,-100.0,37.0,MCS 7 shortGI,MCS 15,28.00,1-00:27:01,0-08:10:29,7.0,-61.0,-60.0,-57.0,-100.0,43.0,MCS 15,269202,MCS 7 short GI,144620,0
2025-03-05,17:06:50,17,5.0,2.0,6.0,32.00,24-22:45:37,70,-68.0,-61.0,-60.0,-100.0,40.0,MCS 7 shortGI,MCS 15,27.00,1-00:27:10,0-08:10:41,7.0,-61.0,-62.0,-58.0,-100.0,42.0,MCS 15,269293,MCS 7 short GI,144658,0
2025-03-05,17:07:00,17,5.0,2.0,6.0,32.00,24-22:45:49,70,-67.0,-64.0,-63.0,-101.0,38.0,MCS 7 shortGI,MCS 15,27.00,1-00:27:19,0-08:10:52,7.0,-60.0,-59.0,-57.0,-99.0,42.0,MCS 15,269381,MCS 7 short GI,144695,0
